{
  "type": "FeatureCollection",
  "features": [
    {
      "type": "Feature",
      "geometry": {
        "geodesic": false,
        "type": "Polygon",
        "coordinates": [
          [
            [
              116.5111470225716,
              -32.982094592753036
            ],
            [
              116.57890843251215,
              -32.982094592753036
            ],
            [
              116.57890843251215,
              -32.955107788690896
            ],
            [
              116.5111470225716,
              -32.955107788690896
            ],
            [
              116.5111470225716,
              -32.982094592753036
            ]
          ]
        ]
      },
      "id": "+30888+13674",
      "properties": {
        "count": 9,
        "label": 1
      }
    },
    {
      "type": "Feature",
      "geometry": {
        "geodesic": false,
        "type": "Polygon",
        "coordinates": [
          [
            [
              115.84717287823014,
              -30.89567073683238
            ],
            [
              115.96365184389204,
              -30.89567073683238
            ],
            [
              115.96365184389204,
              -30.868684096528057
            ],
            [
              115.84717287823014,
              -30.868684096528057
            ],
            [
              115.84717287823014,
              -30.89567073683238
            ]
          ]
        ]
      },
      "id": "+31079+13442",
      "properties": {
        "count": 24,
        "label": 1
      }
    },
    {
      "type": "Feature",
      "geometry": {
        "geodesic": false,
        "type": "Polygon",
        "coordinates": [
          [
            [
              146.94188688363633,
              -41.201883078106945
            ],
            [
              147.018126726977,
              -41.201883078106945
            ],
            [
              147.018126726977,
              -41.18389293576096
            ],
            [
              146.94188688363633,
              -41.18389293576096
            ],
            [
              146.94188688363633,
              -41.201883078106945
            ]
          ]
        ]
      },
      "id": "+32314+14588",
      "properties": {
        "count": 6,
        "label": 1
      }
    },
    {
      "type": "Feature",
      "geometry": {
        "geodesic": false,
        "type": "Polygon",
        "coordinates": [
          [
            [
              118.21535134775388,
              -20.50853246570878
            ],
            [
              118.3311130551374,
              -20.50853246570878
            ],
            [
              118.3311130551374,
              -20.445543862769707
            ],
            [
              118.21535134775388,
              -20.445543862769707
            ],
            [
              118.21535134775388,
              -20.50853246570878
            ]
          ]
        ]
      },
      "id": "+32334+12287",
      "properties": {
        "count": 28,
        "label": 1
      }
    },
    {
      "type": "Feature",
      "geometry": {
        "geodesic": false,
        "type": "Polygon",
        "coordinates": [
          [
            [
              112.13698830854072,
              -8.304735333148173
            ],
            [
              112.16938950903833,
              -8.304735333148173
            ],
            [
              112.16938950903833,
              -8.286746151023825
            ],
            [
              112.13698830854072,
              -8.286746151023825
            ],
            [
              112.13698830854072,
              -8.304735333148173
            ]
          ]
        ]
      },
      "id": "+32356+10930",
      "properties": {
        "count": 6,
        "label": 1
      }
    },
    {
      "type": "Feature",
      "geometry": {
        "geodesic": false,
        "type": "Polygon",
        "coordinates": [
          [
            [
              112.18164803400964,
              -8.21480500630587
            ],
            [
              112.21652719800659,
              -8.21480500630587
            ],
            [
              112.21652719800659,
              -8.187819153491658
            ],
            [
              112.18164803400964,
              -8.187819153491658
            ],
            [
              112.18164803400964,
              -8.21480500630587
            ]
          ]
        ]
      },
      "id": "+32364+10920",
      "properties": {
        "count": 9,
        "label": 1
      }
    },
    {
      "type": "Feature",
      "geometry": {
        "geodesic": false,
        "type": "Polygon",
        "coordinates": [
          [
            [
              112.22560740044847,
              -8.241784625267004
            ],
            [
              112.2605168107533,
              -8.241784625267004
            ],
            [
              112.2605168107533,
              -8.214798770066079
            ],
            [
              112.22560740044847,
              -8.214798770066079
            ],
            [
              112.22560740044847,
              -8.241784625267004
            ]
          ]
        ]
      },
      "id": "+32368+10923",
      "properties": {
        "count": 9,
        "label": 1
      }
    },
    {
      "type": "Feature",
      "geometry": {
        "geodesic": false,
        "type": "Polygon",
        "coordinates": [
          [
            [
              136.99003419885815,
              -35.79696618067616
            ],
            [
              137.0875694693517,
              -35.79696618067616
            ],
            [
              137.0875694693517,
              -35.77897631423407
            ],
            [
              136.99003419885815,
              -35.77897631423407
            ],
            [
              136.99003419885815,
              -35.79696618067616
            ]
          ]
        ]
      },
      "id": "+32378+13987",
      "properties": {
        "count": 12,
        "label": 1
      }
    },
    {
      "type": "Feature",
      "geometry": {
        "geodesic": false,
        "type": "Polygon",
        "coordinates": [
          [
            [
              112.3204382977463,
              -7.666221874087635
            ],
            [
              112.35714249341301,
              -7.666221874087635
            ],
            [
              112.35714249341301,
              -7.6302379572308645
            ],
            [
              112.3204382977463,
              -7.6302379572308645
            ],
            [
              112.3204382977463,
              -7.666221874087635
            ]
          ]
        ]
      },
      "id": "+32396+10859",
      "properties": {
        "count": 12,
        "label": 1
      }
    },
    {
      "type": "Feature",
      "geometry": {
        "geodesic": false,
        "type": "Polygon",
        "coordinates": [
          [
            [
              148.17321325134134,
              -41.30081068580504
            ],
            [
              148.25844524185516,
              -41.30081068580504
            ],
            [
              148.25844524185516,
              -41.27382265243734
            ],
            [
              148.17321325134134,
              -41.27382265243734
            ],
            [
              148.17321325134134,
              -41.30081068580504
            ]
          ]
        ]
      },
      "id": "+32399+14599",
      "properties": {
        "count": 6,
        "label": 1
      }
    },
    {
      "type": "Feature",
      "geometry": {
        "geodesic": false,
        "type": "Polygon",
        "coordinates": [
          [
            [
              112.35771485216921,
              -7.477360389919747
            ],
            [
              112.38048217463452,
              -7.477360389919747
            ],
            [
              112.38048217463452,
              -7.45937120449499
            ],
            [
              112.35771485216921,
              -7.45937120449499
            ],
            [
              112.35771485216921,
              -7.477360389919747
            ]
          ]
        ]
      },
      "id": "+32404+10838",
      "properties": {
        "count": 4,
        "label": 1
      }
    },
    {
      "type": "Feature",
      "geometry": {
        "geodesic": false,
        "type": "Polygon",
        "coordinates": [
          [
            [
              112.46000500103057,
              -7.522326420858627
            ],
            [
              112.4918778707739,
              -7.522326420858627
            ],
            [
              112.4918778707739,
              -7.504337232782055
            ],
            [
              112.46000500103057,
              -7.504337232782055
            ],
            [
              112.46000500103057,
              -7.522326420858627
            ]
          ]
        ]
      },
      "id": "+32415+10843",
      "properties": {
        "count": 6,
        "label": 1
      }
    },
    {
      "type": "Feature",
      "geometry": {
        "geodesic": false,
        "type": "Polygon",
        "coordinates": [
          [
            [
              112.679969324342,
              -7.882056399317481
            ],
            [
              112.71454565058445,
              -7.882056399317481
            ],
            [
              112.71454565058445,
              -7.85507052220811
            ],
            [
              112.679969324342,
              -7.85507052220811
            ],
            [
              112.679969324342,
              -7.882056399317481
            ]
          ]
        ]
      },
      "id": "+32429+10883",
      "properties": {
        "count": 9,
        "label": 1
      }
    },
    {
      "type": "Feature",
      "geometry": {
        "geodesic": false,
        "type": "Polygon",
        "coordinates": [
          [
            [
              112.67797523376314,
              -7.5672941911535565
            ],
            [
              112.70316207658153,
              -7.5672941911535565
            ],
            [
              112.70316207658153,
              -7.5403083157904565
            ],
            [
              112.67797523376314,
              -7.5403083157904565
            ],
            [
              112.67797523376314,
              -7.5672941911535565
            ]
          ]
        ]
      },
      "id": "+32437+10848",
      "properties": {
        "count": 6,
        "label": 1
      }
    },
    {
      "type": "Feature",
      "geometry": {
        "geodesic": false,
        "type": "Polygon",
        "coordinates": [
          [
            [
              112.61668484746131,
              -7.108640686956515
            ],
            [
              112.65048049113285,
              -7.108640686956515
            ],
            [
              112.65048049113285,
              -7.081654815882941
            ],
            [
              112.61668484746131,
              -7.081654815882941
            ],
            [
              112.61668484746131,
              -7.108640686956515
            ]
          ]
        ]
      },
      "id": "+32444+10797",
      "properties": {
        "count": 9,
        "label": 1
      }
    },
    {
      "type": "Feature",
      "geometry": {
        "geodesic": false,
        "type": "Polygon",
        "coordinates": [
          [
            [
              112.89224022163616,
              -8.133868611232515
            ],
            [
              112.95686697434104,
              -8.133868611232515
            ],
            [
              112.95686697434104,
              -8.097884636035719
            ],
            [
              112.89224022163616,
              -8.097884636035719
            ],
            [
              112.89224022163616,
              -8.133868611232515
            ]
          ]
        ]
      },
      "id": "+32448+10911",
      "properties": {
        "count": 23,
        "label": 1
      }
    },
    {
      "type": "Feature",
      "geometry": {
        "geodesic": false,
        "type": "Polygon",
        "coordinates": [
          [
            [
              113.11075567414908,
              -8.286750677710923
            ],
            [
              113.14577119408393,
              -8.286750677710923
            ],
            [
              113.14577119408393,
              -8.259764776848103
            ],
            [
              113.11075567414908,
              -8.259764776848103
            ],
            [
              113.11075567414908,
              -8.286750677710923
            ]
          ]
        ]
      },
      "id": "+32464+10928",
      "properties": {
        "count": 9,
        "label": 1
      }
    },
    {
      "type": "Feature",
      "geometry": {
        "geodesic": false,
        "type": "Polygon",
        "coordinates": [
          [
            [
              113.25664989013521,
              -8.16084579830593
            ],
            [
              113.29154710971031,
              -8.16084579830593
            ],
            [
              113.29154710971031,
              -8.133859890420473
            ],
            [
              113.25664989013521,
              -8.133859890420473
            ],
            [
              113.25664989013521,
              -8.16084579830593
            ]
          ]
        ]
      },
      "id": "+32484+10914",
      "properties": {
        "count": 9,
        "label": 1
      }
    },
    {
      "type": "Feature",
      "geometry": {
        "geodesic": false,
        "type": "Polygon",
        "coordinates": [
          [
            [
              113.3173785568506,
              -8.19681582656349
            ],
            [
              113.34719799475273,
              -8.19681582656349
            ],
            [
              113.34719799475273,
              -8.187821921388858
            ],
            [
              113.3173785568506,
              -8.187821921388858
            ],
            [
              113.3173785568506,
              -8.19681582656349
            ]
          ]
        ]
      },
      "id": "+32489+10918",
      "properties": {
        "count": 3,
        "label": 1
      }
    },
    {
      "type": "Feature",
      "geometry": {
        "geodesic": false,
        "type": "Polygon",
        "coordinates": [
          [
            [
              113.43325796119944,
              -8.142859390968427
            ],
            [
              113.46814875856812,
              -8.142859390968427
            ],
            [
              113.46814875856812,
              -8.1158734740676
            ],
            [
              113.43325796119944,
              -8.1158734740676
            ],
            [
              113.43325796119944,
              -8.142859390968427
            ]
          ]
        ]
      },
      "id": "+32504+10912",
      "properties": {
        "count": 9,
        "label": 1
      }
    },
    {
      "type": "Feature",
      "geometry": {
        "geodesic": false,
        "type": "Polygon",
        "coordinates": [
          [
            [
              114.03425380959968,
              -8.115879788600092
            ],
            [
              114.06915742982821,
              -8.115879788600092
            ],
            [
              114.06915742982821,
              -8.088893840900367
            ],
            [
              114.03425380959968,
              -8.088893840900367
            ],
            [
              114.03425380959968,
              -8.115879788600092
            ]
          ]
        ]
      },
      "id": "+32571+10909",
      "properties": {
        "count": 9,
        "label": 1
      }
    },
    {
      "type": "Feature",
      "geometry": {
        "geodesic": false,
        "type": "Polygon",
        "coordinates": [
          [
            [
              141.2034621873873,
              -35.94985287495744
            ],
            [
              141.28500102471472,
              -35.94985287495744
            ],
            [
              141.28500102471472,
              -35.92286541539836
            ],
            [
              141.2034621873873,
              -35.92286541539836
            ],
            [
              141.2034621873873,
              -35.94985287495744
            ]
          ]
        ]
      },
      "id": "+32732+14004",
      "properties": {
        "count": 9,
        "label": 1
      }
    },
    {
      "type": "Feature",
      "geometry": {
        "geodesic": false,
        "type": "Polygon",
        "coordinates": [
          [
            [
              139.92141692419415,
              -34.187182304259
            ],
            [
              139.97299365841621,
              -34.187182304259
            ],
            [
              139.97299365841621,
              -34.16919247036266
            ],
            [
              139.92141692419415,
              -34.16919247036266
            ],
            [
              139.92141692419415,
              -34.187182304259
            ]
          ]
        ]
      },
      "id": "+32889+13808",
      "properties": {
        "count": 4,
        "label": 1
      }
    },
    {
      "type": "Feature",
      "geometry": {
        "geodesic": false,
        "type": "Polygon",
        "coordinates": [
          [
            [
              147.33684446813524,
              -38.198154484195356
            ],
            [
              147.42575864575772,
              -38.198154484195356
            ],
            [
              147.42575864575772,
              -38.17116676745735
            ],
            [
              147.33684446813524,
              -38.17116676745735
            ],
            [
              147.33684446813524,
              -38.198154484195356
            ]
          ]
        ]
      },
      "id": "+32897+14254",
      "properties": {
        "count": 9,
        "label": 1
      }
    },
    {
      "type": "Feature",
      "geometry": {
        "geodesic": false,
        "type": "Polygon",
        "coordinates": [
          [
            [
              147.3805589503103,
              -38.17117261635763
            ],
            [
              147.45124325139105,
              -38.17117261635763
            ],
            [
              147.45124325139105,
              -38.1531826056821
            ],
            [
              147.3805589503103,
              -38.1531826056821
            ],
            [
              147.3805589503103,
              -38.17117261635763
            ]
          ]
        ]
      },
      "id": "+32904+14251",
      "properties": {
        "count": 6,
        "label": 1
      }
    },
    {
      "type": "Feature",
      "geometry": {
        "geodesic": false,
        "type": "Polygon",
        "coordinates": [
          [
            [
              140.80403436279164,
              -34.29510292396117
            ],
            [
              140.87101794482044,
              -34.29510292396117
            ],
            [
              140.87101794482044,
              -34.26811558688016
            ],
            [
              140.80403436279164,
              -34.26811558688016
            ],
            [
              140.80403436279164,
              -34.29510292396117
            ]
          ]
        ]
      },
      "id": "+32955+13820",
      "properties": {
        "count": 6,
        "label": 1
      }
    },
    {
      "type": "Feature",
      "geometry": {
        "geodesic": false,
        "type": "Polygon",
        "coordinates": [
          [
            [
              117.74909311549898,
              -8.26876438406347
            ],
            [
              117.77531977198477,
              -8.26876438406347
            ],
            [
              117.77531977198477,
              -8.24177824680518
            ],
            [
              117.74909311549898,
              -8.24177824680518
            ],
            [
              117.74909311549898,
              -8.26876438406347
            ]
          ]
        ]
      },
      "id": "+32974+10926",
      "properties": {
        "count": 6,
        "label": 1
      }
    },
    {
      "type": "Feature",
      "geometry": {
        "geodesic": false,
        "type": "Polygon",
        "coordinates": [
          [
            [
              118.0204817105293,
              -8.394671814969449
            ],
            [
              118.05867673704442,
              -8.394671814969449
            ],
            [
              118.05867673704442,
              -8.358687375809223
            ],
            [
              118.0204817105293,
              -8.358687375809223
            ],
            [
              118.0204817105293,
              -8.394671814969449
            ]
          ]
        ]
      },
      "id": "+33001+10940",
      "properties": {
        "count": 12,
        "label": 1
      }
    },
    {
      "type": "Feature",
      "geometry": {
        "geodesic": false,
        "type": "Polygon",
        "coordinates": [
          [
            [
              144.94884124214343,
              -36.12072381788306
            ],
            [
              145.03204238602234,
              -36.12072381788306
            ],
            [
              145.03204238602234,
              -36.09373629753133
            ],
            [
              144.94884124214343,
              -36.09373629753133
            ],
            [
              144.94884124214343,
              -36.12072381788306
            ]
          ]
        ]
      },
      "id": "+33041+14023",
      "properties": {
        "count": 9,
        "label": 1
      }
    },
    {
      "type": "Feature",
      "geometry": {
        "geodesic": false,
        "type": "Polygon",
        "coordinates": [
          [
            [
              118.7988948178398,
              -8.610506235720605
            ],
            [
              118.83464607180181,
              -8.610506235720605
            ],
            [
              118.83464607180181,
              -8.58352004526516
            ],
            [
              118.7988948178398,
              -8.58352004526516
            ],
            [
              118.7988948178398,
              -8.610506235720605
            ]
          ]
        ]
      },
      "id": "+33079+10964",
      "properties": {
        "count": 9,
        "label": 1
      }
    },
    {
      "type": "Feature",
      "geometry": {
        "geodesic": false,
        "type": "Polygon",
        "coordinates": [
          [
            [
              122.98143614875129,
              -17.261970431097982
            ],
            [
              123.03709357830468,
              -17.261970431097982
            ],
            [
              123.03709357830468,
              -17.234984044958182
            ],
            [
              122.98143614875129,
              -17.234984044958182
            ],
            [
              122.98143614875129,
              -17.261970431097982
            ]
          ]
        ]
      },
      "id": "+33079+11926",
      "properties": {
        "count": 10,
        "label": 1
      }
    },
    {
      "type": "Feature",
      "geometry": {
        "geodesic": false,
        "type": "Polygon",
        "coordinates": [
          [
            [
              119.17747451784655,
              -9.716670572814506
            ],
            [
              119.21444952621556,
              -9.716670572814506
            ],
            [
              119.21444952621556,
              -9.68968436512933
            ],
            [
              119.17747451784655,
              -9.68968436512933
            ],
            [
              119.17747451784655,
              -9.716670572814506
            ]
          ]
        ]
      },
      "id": "+33080+11087",
      "properties": {
        "count": 9,
        "label": 1
      }
    },
    {
      "type": "Feature",
      "geometry": {
        "geodesic": false,
        "type": "Polygon",
        "coordinates": [
          [
            [
              123.02684970189101,
              -17.3159296676745
            ],
            [
              123.08258466028589,
              -17.3159296676745
            ],
            [
              123.08258466028589,
              -17.288943279452784
            ],
            [
              123.02684970189101,
              -17.288943279452784
            ],
            [
              123.02684970189101,
              -17.3159296676745
            ]
          ]
        ]
      },
      "id": "+33080+11932",
      "properties": {
        "count": 11,
        "label": 1
      }
    },
    {
      "type": "Feature",
      "geometry": {
        "geodesic": false,
        "type": "Polygon",
        "coordinates": [
          [
            [
              123.16323138988321,
              -17.378882111927055
            ],
            [
              123.21906923423465,
              -17.378882111927055
            ],
            [
              123.21906923423465,
              -17.35189571811655
            ],
            [
              123.16323138988321,
              -17.35189571811655
            ],
            [
              123.16323138988321,
              -17.378882111927055
            ]
          ]
        ]
      },
      "id": "+33090+11939",
      "properties": {
        "count": 12,
        "label": 1
      }
    },
    {
      "type": "Feature",
      "geometry": {
        "geodesic": false,
        "type": "Polygon",
        "coordinates": [
          [
            [
              118.91431240611666,
              -8.610508797002016
            ],
            [
              118.95289304844549,
              -8.610508797002016
            ],
            [
              118.95289304844549,
              -8.574524278061151
            ],
            [
              118.91431240611666,
              -8.574524278061151
            ],
            [
              118.91431240611666,
              -8.610508797002016
            ]
          ]
        ]
      },
      "id": "+33092+10964",
      "properties": {
        "count": 12,
        "label": 1
      }
    },
    {
      "type": "Feature",
      "geometry": {
        "geodesic": false,
        "type": "Polygon",
        "coordinates": [
          [
            [
              123.13550797138191,
              -17.270969662312147
            ],
            [
              123.21262355952422,
              -17.270969662312147
            ],
            [
              123.21262355952422,
              -17.225984813744013
            ],
            [
              123.13550797138191,
              -17.225984813744013
            ],
            [
              123.13550797138191,
              -17.270969662312147
            ]
          ]
        ]
      },
      "id": "+33094+11927",
      "properties": {
        "count": 17,
        "label": 1
      }
    },
    {
      "type": "Feature",
      "geometry": {
        "geodesic": false,
        "type": "Polygon",
        "coordinates": [
          [
            [
              123.17493675328168,
              -17.30693910004865
            ],
            [
              123.2461202763866,
              -17.30693910004865
            ],
            [
              123.2461202763866,
              -17.27095422931086
            ],
            [
              123.17493675328168,
              -17.27095422931086
            ],
            [
              123.17493675328168,
              -17.30693910004865
            ]
          ]
        ]
      },
      "id": "+33096+11931",
      "properties": {
        "count": 16,
        "label": 1
      }
    },
    {
      "type": "Feature",
      "geometry": {
        "geodesic": false,
        "type": "Polygon",
        "coordinates": [
          [
            [
              123.29135805156552,
              -17.279954965306324
            ],
            [
              123.32223165912077,
              -17.279954965306324
            ],
            [
              123.32223165912077,
              -17.261965540362812
            ],
            [
              123.29135805156552,
              -17.261965540362812
            ],
            [
              123.29135805156552,
              -17.279954965306324
            ]
          ]
        ]
      },
      "id": "+33108+11928",
      "properties": {
        "count": 4,
        "label": 1
      }
    },
    {
      "type": "Feature",
      "geometry": {
        "geodesic": false,
        "type": "Polygon",
        "coordinates": [
          [
            [
              123.3350366926886,
              -17.315935702839468
            ],
            [
              123.41229576197375,
              -17.315935702839468
            ],
            [
              123.41229576197375,
              -17.270950832442637
            ],
            [
              123.3350366926886,
              -17.270950832442637
            ],
            [
              123.3350366926886,
              -17.315935702839468
            ]
          ]
        ]
      },
      "id": "+33113+11932",
      "properties": {
        "count": 21,
        "label": 1
      }
    },
    {
      "type": "Feature",
      "geometry": {
        "geodesic": false,
        "type": "Polygon",
        "coordinates": [
          [
            [
              119.8210002820331,
              -9.806602647503443
            ],
            [
              119.84899915100841,
              -9.806602647503443
            ],
            [
              119.84899915100841,
              -9.779616408892265
            ],
            [
              119.8210002820331,
              -9.779616408892265
            ],
            [
              119.8210002820331,
              -9.806602647503443
            ]
          ]
        ]
      },
      "id": "+33146+11097",
      "properties": {
        "count": 6,
        "label": 1
      }
    },
    {
      "type": "Feature",
      "geometry": {
        "geodesic": false,
        "type": "Polygon",
        "coordinates": [
          [
            [
              120.0984163695513,
              -9.680695928520745
            ],
            [
              120.12309100525087,
              -9.680695928520745
            ],
            [
              120.12309100525087,
              -9.66270656796494
            ],
            [
              120.0984163695513,
              -9.66270656796494
            ],
            [
              120.0984163695513,
              -9.680695928520745
            ]
          ]
        ]
      },
      "id": "+33181+11083",
      "properties": {
        "count": 4,
        "label": 1
      }
    },
    {
      "type": "Feature",
      "geometry": {
        "geodesic": false,
        "type": "Polygon",
        "coordinates": [
          [
            [
              120.20702196834164,
              -9.905526077844884
            ],
            [
              120.25012586460845,
              -9.905526077844884
            ],
            [
              120.25012586460845,
              -9.88753671477049
            ],
            [
              120.20702196834164,
              -9.88753671477049
            ],
            [
              120.20702196834164,
              -9.905526077844884
            ]
          ]
        ]
      },
      "id": "+33186+11108",
      "properties": {
        "count": 8,
        "label": 1
      }
    },
    {
      "type": "Feature",
      "geometry": {
        "geodesic": false,
        "type": "Polygon",
        "coordinates": [
          [
            [
              142.8440001658636,
              -33.998330139895955
            ],
            [
              142.96955972112443,
              -33.998330139895955
            ],
            [
              142.96955972112443,
              -33.96234357413159
            ],
            [
              142.8440001658636,
              -33.96234357413159
            ],
            [
              142.8440001658636,
              -33.998330139895955
            ]
          ]
        ]
      },
      "id": "+33194+13787",
      "properties": {
        "count": 21,
        "label": 1
      }
    },
    {
      "type": "Feature",
      "geometry": {
        "geodesic": false,
        "type": "Polygon",
        "coordinates": [
          [
            [
              120.5580796405794,
              -10.049419225076527
            ],
            [
              120.58639995396624,
              -10.049419225076527
            ],
            [
              120.58639995396624,
              -10.022432951139262
            ],
            [
              120.5580796405794,
              -10.022432951139262
            ],
            [
              120.5580796405794,
              -10.049419225076527
            ]
          ]
        ]
      },
      "id": "+33217+11124",
      "properties": {
        "count": 6,
        "label": 1
      }
    },
    {
      "type": "Feature",
      "geometry": {
        "geodesic": false,
        "type": "Polygon",
        "coordinates": [
          [
            [
              124.76394004119967,
              -17.945456776383217
            ],
            [
              124.82710928214152,
              -17.945456776383217
            ],
            [
              124.82710928214152,
              -17.909471793984608
            ],
            [
              124.76394004119967,
              -17.909471793984608
            ],
            [
              124.76394004119967,
              -17.945456776383217
            ]
          ]
        ]
      },
      "id": "+33219+12002",
      "properties": {
        "count": 16,
        "label": 1
      }
    },
    {
      "type": "Feature",
      "geometry": {
        "geodesic": false,
        "type": "Polygon",
        "coordinates": [
          [
            [
              120.54780590983046,
              -9.797609459781961
            ],
            [
              120.5941068460142,
              -9.797609459781961
            ],
            [
              120.5941068460142,
              -9.770623184768567
            ],
            [
              120.54780590983046,
              -9.770623184768567
            ],
            [
              120.54780590983046,
              -9.797609459781961
            ]
          ]
        ]
      },
      "id": "+33228+11096",
      "properties": {
        "count": 12,
        "label": 1
      }
    },
    {
      "type": "Feature",
      "geometry": {
        "geodesic": false,
        "type": "Polygon",
        "coordinates": [
          [
            [
              126.92624188965775,
              -20.292680909058713
            ],
            [
              126.97709967582433,
              -20.292680909058713
            ],
            [
              126.97709967582433,
              -20.265694358825655
            ],
            [
              126.92624188965775,
              -20.265694358825655
            ],
            [
              126.92624188965775,
              -20.292680909058713
            ]
          ]
        ]
      },
      "id": "+33257+12263",
      "properties": {
        "count": 9,
        "label": 1
      }
    },
    {
      "type": "Feature",
      "geometry": {
        "geodesic": false,
        "type": "Polygon",
        "coordinates": [
          [
            [
              126.92784909851797,
              -20.23871974771095
            ],
            [
              126.97129174219967,
              -20.23871974771095
            ],
            [
              126.97129174219967,
              -20.220730255024876
            ],
            [
              126.92784909851797,
              -20.220730255024876
            ],
            [
              126.92784909851797,
              -20.23871974771095
            ]
          ]
        ]
      },
      "id": "+33261+12257",
      "properties": {
        "count": 6,
        "label": 1
      }
    },
    {
      "type": "Feature",
      "geometry": {
        "geodesic": false,
        "type": "Polygon",
        "coordinates": [
          [
            [
              126.8178279423906,
              -20.130830918094077
            ],
            [
              126.96005908689624,
              -20.130830918094077
            ],
            [
              126.96005908689624,
              -20.049829701041332
            ],
            [
              126.8178279423906,
              -20.049829701041332
            ],
            [
              126.8178279423906,
              -20.130830918094077
            ]
          ]
        ]
      },
      "id": "+33269+12245",
      "properties": {
        "count": 61,
        "label": 1
      }
    },
    {
      "type": "Feature",
      "geometry": {
        "geodesic": false,
        "type": "Polygon",
        "coordinates": [
          [
            [
              126.94086503539214,
              -20.166778722585388
            ],
            [
              127.03718735192648,
              -20.166778722585388
            ],
            [
              127.03718735192648,
              -20.13079357354374
            ],
            [
              126.94086503539214,
              -20.13079357354374
            ],
            [
              126.94086503539214,
              -20.166778722585388
            ]
          ]
        ]
      },
      "id": "+33273+12249",
      "properties": {
        "count": 21,
        "label": 1
      }
    },
    {
      "type": "Feature",
      "geometry": {
        "geodesic": false,
        "type": "Polygon",
        "coordinates": [
          [
            [
              121.15787975176342,
              -8.592519883156049
            ],
            [
              121.19377944958899,
              -8.592519883156049
            ],
            [
              121.19377944958899,
              -8.565533574139359
            ],
            [
              121.15787975176342,
              -8.565533574139359
            ],
            [
              121.15787975176342,
              -8.592519883156049
            ]
          ]
        ]
      },
      "id": "+33339+10962",
      "properties": {
        "count": 9,
        "label": 1
      }
    },
    {
      "type": "Feature",
      "geometry": {
        "geodesic": false,
        "type": "Polygon",
        "coordinates": [
          [
            [
              124.47319838469919,
              -15.634198290527
            ],
            [
              124.50280777340926,
              -15.634198290527
            ],
            [
              124.50280777340926,
              -15.616208847472816
            ],
            [
              124.47319838469919,
              -15.616208847472816
            ],
            [
              124.47319838469919,
              -15.634198290527
            ]
          ]
        ]
      },
      "id": "+33346+11745",
      "properties": {
        "count": 4,
        "label": 1
      }
    },
    {
      "type": "Feature",
      "geometry": {
        "geodesic": false,
        "type": "Polygon",
        "coordinates": [
          [
            [
              127.47919454570008,
              -19.52825841166133
            ],
            [
              127.53864603136462,
              -19.52825841166133
            ],
            [
              127.53864603136462,
              -19.501271849382082
            ],
            [
              127.47919454570008,
              -19.501271849382082
            ],
            [
              127.47919454570008,
              -19.52825841166133
            ]
          ]
        ]
      },
      "id": "+33380+12178",
      "properties": {
        "count": 12,
        "label": 1
      }
    },
    {
      "type": "Feature",
      "geometry": {
        "geodesic": false,
        "type": "Polygon",
        "coordinates": [
          [
            [
              127.52934750744582,
              -19.52826111387929
            ],
            [
              127.5959013234489,
              -19.52826111387929
            ],
            [
              127.5959013234489,
              -19.492275941241527
            ],
            [
              127.52934750744582,
              -19.492275941241527
            ],
            [
              127.52934750744582,
              -19.52826111387929
            ]
          ]
        ]
      },
      "id": "+33386+12178",
      "properties": {
        "count": 16,
        "label": 1
      }
    },
    {
      "type": "Feature",
      "geometry": {
        "geodesic": false,
        "type": "Polygon",
        "coordinates": [
          [
            [
              146.34517460805623,
              -34.58288556078503
            ],
            [
              146.42544451578033,
              -34.58288556078503
            ],
            [
              146.42544451578033,
              -34.55589812910228
            ],
            [
              146.34517460805623,
              -34.55589812910228
            ],
            [
              146.34517460805623,
              -34.58288556078503
            ]
          ]
        ]
      },
      "id": "+33419+13852",
      "properties": {
        "count": 9,
        "label": 1
      }
    },
    {
      "type": "Feature",
      "geometry": {
        "geodesic": false,
        "type": "Polygon",
        "coordinates": [
          [
            [
              145.6826624175538,
              -34.070272802863315
            ],
            [
              145.761617771899,
              -34.070272802863315
            ],
            [
              145.761617771899,
              -34.04328541184832
            ],
            [
              145.6826624175538,
              -34.04328541184832
            ],
            [
              145.6826624175538,
              -34.070272802863315
            ]
          ]
        ]
      },
      "id": "+33440+13795",
      "properties": {
        "count": 9,
        "label": 1
      }
    },
    {
      "type": "Feature",
      "geometry": {
        "geodesic": false,
        "type": "Polygon",
        "coordinates": [
          [
            [
              145.48281190580877,
              -33.27886851167579
            ],
            [
              145.56657030900755,
              -33.27886851167579
            ],
            [
              145.56657030900755,
              -33.26087866658193
            ],
            [
              145.48281190580877,
              -33.26087866658193
            ],
            [
              145.48281190580877,
              -33.27886851167579
            ]
          ]
        ]
      },
      "id": "+33546+13707",
      "properties": {
        "count": 10,
        "label": 1
      }
    },
    {
      "type": "Feature",
      "geometry": {
        "geodesic": false,
        "type": "Polygon",
        "coordinates": [
          [
            [
              131.48317384442166,
              -22.18125423317298
            ],
            [
              131.55696877563983,
              -22.18125423317298
            ],
            [
              131.55696877563983,
              -22.154267522200755
            ],
            [
              131.48317384442166,
              -22.154267522200755
            ],
            [
              131.48317384442166,
              -22.18125423317298
            ]
          ]
        ]
      },
      "id": "+33559+12473",
      "properties": {
        "count": 14,
        "label": 1
      }
    },
    {
      "type": "Feature",
      "geometry": {
        "geodesic": false,
        "type": "Polygon",
        "coordinates": [
          [
            [
              131.56665785323506,
              -22.244222450329996
            ],
            [
              131.72290243287907,
              -22.244222450329996
            ],
            [
              131.72290243287907,
              -22.181231364269667
            ],
            [
              131.56665785323506,
              -22.181231364269667
            ],
            [
              131.56665785323506,
              -22.244222450329996
            ]
          ]
        ]
      },
      "id": "+33571+12480",
      "properties": {
        "count": 41,
        "label": 1
      }
    },
    {
      "type": "Feature",
      "geometry": {
        "geodesic": false,
        "type": "Polygon",
        "coordinates": [
          [
            [
              123.25371816926382,
              -8.5205742884009
            ],
            [
              123.28968717971102,
              -8.5205742884009
            ],
            [
              123.28968717971102,
              -8.49358787413301
            ],
            [
              123.25371816926382,
              -8.49358787413301
            ],
            [
              123.25371816926382,
              -8.5205742884009
            ]
          ]
        ]
      },
      "id": "+33572+10954",
      "properties": {
        "count": 9,
        "label": 1
      }
    },
    {
      "type": "Feature",
      "geometry": {
        "geodesic": false,
        "type": "Polygon",
        "coordinates": [
          [
            [
              123.69934815739411,
              -9.707677477377795
            ],
            [
              123.74580119196766,
              -9.707677477377795
            ],
            [
              123.74580119196766,
              -9.680691048720863
            ],
            [
              123.69934815739411,
              -9.680691048720863
            ],
            [
              123.69934815739411,
              -9.707677477377795
            ]
          ]
        ]
      },
      "id": "+33577+11086",
      "properties": {
        "count": 12,
        "label": 1
      }
    },
    {
      "type": "Feature",
      "geometry": {
        "geodesic": false,
        "type": "Polygon",
        "coordinates": [
          [
            [
              130.0015068120039,
              -20.301674165002538
            ],
            [
              130.08167903970406,
              -20.301674165002538
            ],
            [
              130.08167903970406,
              -20.27468751472701
            ],
            [
              130.0015068120039,
              -20.27468751472701
            ],
            [
              130.0015068120039,
              -20.301674165002538
            ]
          ]
        ]
      },
      "id": "+33580+12264",
      "properties": {
        "count": 18,
        "label": 1
      }
    },
    {
      "type": "Feature",
      "geometry": {
        "geodesic": false,
        "type": "Polygon",
        "coordinates": [
          [
            [
              131.8153011281103,
              -22.127305658022436
            ],
            [
              131.95312169357993,
              -22.127305658022436
            ],
            [
              131.95312169357993,
              -22.0733180085124
            ],
            [
              131.8153011281103,
              -22.0733180085124
            ],
            [
              131.8153011281103,
              -22.127305658022436
            ]
          ]
        ]
      },
      "id": "+33606+12467",
      "properties": {
        "count": 45,
        "label": 1
      }
    },
    {
      "type": "Feature",
      "geometry": {
        "geodesic": false,
        "type": "Polygon",
        "coordinates": [
          [
            [
              123.44320738312777,
              -8.295746795725973
            ],
            [
              123.53629046718419,
              -8.295746795725973
            ],
            [
              123.53629046718419,
              -8.25976186475565
            ],
            [
              123.44320738312777,
              -8.25976186475565
            ],
            [
              123.44320738312777,
              -8.295746795725973
            ]
          ]
        ]
      },
      "id": "+33607+10929",
      "properties": {
        "count": 32,
        "label": 1
      }
    },
    {
      "type": "Feature",
      "geometry": {
        "geodesic": false,
        "type": "Polygon",
        "coordinates": [
          [
            [
              124.23272278434499,
              -9.986466872638955
            ],
            [
              124.27041124597422,
              -9.986466872638955
            ],
            [
              124.27041124597422,
              -9.959480420660514
            ],
            [
              124.23272278434499,
              -9.959480420660514
            ],
            [
              124.23272278434499,
              -9.986466872638955
            ]
          ]
        ]
      },
      "id": "+33623+11117",
      "properties": {
        "count": 9,
        "label": 1
      }
    },
    {
      "type": "Feature",
      "geometry": {
        "geodesic": false,
        "type": "Polygon",
        "coordinates": [
          [
            [
              133.8448842628714,
              -23.77305172389434
            ],
            [
              133.89229273712797,
              -23.77305172389434
            ],
            [
              133.89229273712797,
              -23.746064928077573
            ],
            [
              133.8448842628714,
              -23.746064928077573
            ],
            [
              133.8448842628714,
              -23.77305172389434
            ]
          ]
        ]
      },
      "id": "+33639+12650",
      "properties": {
        "count": 6,
        "label": 1
      }
    },
    {
      "type": "Feature",
      "geometry": {
        "geodesic": false,
        "type": "Polygon",
        "coordinates": [
          [
            [
              124.4197093241409,
              -9.32096773908479
            ],
            [
              124.45345753164646,
              -9.32096773908479
            ],
            [
              124.45345753164646,
              -9.30297828359339
            ],
            [
              124.4197093241409,
              -9.30297828359339
            ],
            [
              124.4197093241409,
              -9.32096773908479
            ]
          ]
        ]
      },
      "id": "+33670+11043",
      "properties": {
        "count": 6,
        "label": 1
      }
    },
    {
      "type": "Feature",
      "geometry": {
        "geodesic": false,
        "type": "Polygon",
        "coordinates": [
          [
            [
              134.51042010144434,
              -23.64714485067807
            ],
            [
              134.57799384008047,
              -23.64714485067807
            ],
            [
              134.57799384008047,
              -23.62915524138382
            ],
            [
              134.51042010144434,
              -23.62915524138382
            ],
            [
              134.51042010144434,
              -23.64714485067807
            ]
          ]
        ]
      },
      "id": "+33722+12636",
      "properties": {
        "count": 10,
        "label": 1
      }
    },
    {
      "type": "Feature",
      "geometry": {
        "geodesic": false,
        "type": "Polygon",
        "coordinates": [
          [
            [
              145.6383200318951,
              -32.03780820875649
            ],
            [
              145.70244511680818,
              -32.03780820875649
            ],
            [
              145.70244511680818,
              -32.01082092894275
            ],
            [
              145.6383200318951,
              -32.01082092894275
            ],
            [
              145.6383200318951,
              -32.03780820875649
            ]
          ]
        ]
      },
      "id": "+33748+13569",
      "properties": {
        "count": 6,
        "label": 1
      }
    },
    {
      "type": "Feature",
      "geometry": {
        "geodesic": false,
        "type": "Polygon",
        "coordinates": [
          [
            [
              135.2541002240361,
              -23.871975003633054
            ],
            [
              135.31222539538064,
              -23.871975003633054
            ],
            [
              135.31222539538064,
              -23.853985384558527
            ],
            [
              135.2541002240361,
              -23.853985384558527
            ],
            [
              135.2541002240361,
              -23.871975003633054
            ]
          ]
        ]
      },
      "id": "+33773+12661",
      "properties": {
        "count": 8,
        "label": 1
      }
    },
    {
      "type": "Feature",
      "geometry": {
        "geodesic": false,
        "type": "Polygon",
        "coordinates": [
          [
            [
              128.73026111995895,
              -15.769101075683402
            ],
            [
              128.7904511846664,
              -15.769101075683402
            ],
            [
              128.7904511846664,
              -15.733115828149032
            ],
            [
              128.73026111995895,
              -15.733115828149032
            ],
            [
              128.73026111995895,
              -15.769101075683402
            ]
          ]
        ]
      },
      "id": "+33796+11760",
      "properties": {
        "count": 16,
        "label": 1
      }
    },
    {
      "type": "Feature",
      "geometry": {
        "geodesic": false,
        "type": "Polygon",
        "coordinates": [
          [
            [
              146.93270126373773,
              -32.35257727503491
            ],
            [
              147.08024386538287,
              -32.35257727503491
            ],
            [
              147.08024386538287,
              -32.30758986540071
            ],
            [
              146.93270126373773,
              -32.30758986540071
            ],
            [
              146.93270126373773,
              -32.35257727503491
            ]
          ]
        ]
      },
      "id": "+33827+13604",
      "properties": {
        "count": 26,
        "label": 1
      }
    },
    {
      "type": "Feature",
      "geometry": {
        "geodesic": false,
        "type": "Polygon",
        "coordinates": [
          [
            [
              130.8201819007795,
              -18.215260987919955
            ],
            [
              130.9364363321862,
              -18.215260987919955
            ],
            [
              130.9364363321862,
              -18.16127352595831
            ],
            [
              130.8201819007795,
              -18.16127352595831
            ],
            [
              130.8201819007795,
              -18.215260987919955
            ]
          ]
        ]
      },
      "id": "+33843+12032",
      "properties": {
        "count": 29,
        "label": 1
      }
    },
    {
      "type": "Feature",
      "geometry": {
        "geodesic": false,
        "type": "Polygon",
        "coordinates": [
          [
            [
              147.7384190449695,
              -32.58639379873674
            ],
            [
              147.81489762982332,
              -32.58639379873674
            ],
            [
              147.81489762982332,
              -32.55940646151895
            ],
            [
              147.7384190449695,
              -32.55940646151895
            ],
            [
              147.7384190449695,
              -32.58639379873674
            ]
          ]
        ]
      },
      "id": "+33863+13630",
      "properties": {
        "count": 8,
        "label": 1
      }
    },
    {
      "type": "Feature",
      "geometry": {
        "geodesic": false,
        "type": "Polygon",
        "coordinates": [
          [
            [
              148.18788833326965,
              -32.7033054818
            ],
            [
              148.26474486762322,
              -32.7033054818
            ],
            [
              148.26474486762322,
              -32.67631813244313
            ],
            [
              148.18788833326965,
              -32.67631813244313
            ],
            [
              148.18788833326965,
              -32.7033054818
            ]
          ]
        ]
      },
      "id": "+33887+13643",
      "properties": {
        "count": 9,
        "label": 1
      }
    },
    {
      "type": "Feature",
      "geometry": {
        "geodesic": false,
        "type": "Polygon",
        "coordinates": [
          [
            [
              129.883450424605,
              -16.26374033137881
            ],
            [
              130.00935535696482,
              -16.26374033137881
            ],
            [
              130.00935535696482,
              -16.200749606171172
            ],
            [
              129.883450424605,
              -16.200749606171172
            ],
            [
              129.883450424605,
              -16.26374033137881
            ]
          ]
        ]
      },
      "id": "+33888+11815",
      "properties": {
        "count": 41,
        "label": 1
      }
    },
    {
      "type": "Feature",
      "geometry": {
        "geodesic": false,
        "type": "Polygon",
        "coordinates": [
          [
            [
              129.94969253544488,
              -16.335685979532993
            ],
            [
              130.0289865876764,
              -16.335685979532993
            ],
            [
              130.0289865876764,
              -16.272695252778483
            ],
            [
              129.94969253544488,
              -16.272695252778483
            ],
            [
              129.94969253544488,
              -16.335685979532993
            ]
          ]
        ]
      },
      "id": "+33888+11823",
      "properties": {
        "count": 25,
        "label": 1
      }
    },
    {
      "type": "Feature",
      "geometry": {
        "geodesic": false,
        "type": "Polygon",
        "coordinates": [
          [
            [
              130.0033813458108,
              -16.2817111182422
            ],
            [
              130.05872947834925,
              -16.2817111182422
            ],
            [
              130.05872947834925,
              -16.25472446668851
            ],
            [
              130.0033813458108,
              -16.25472446668851
            ],
            [
              130.0033813458108,
              -16.2817111182422
            ]
          ]
        ]
      },
      "id": "+33896+11817",
      "properties": {
        "count": 12,
        "label": 1
      }
    },
    {
      "type": "Feature",
      "geometry": {
        "geodesic": false,
        "type": "Polygon",
        "coordinates": [
          [
            [
              145.73695738667777,
              -31.10251773656537
            ],
            [
              145.83415640243794,
              -31.10251773656537
            ],
            [
              145.83415640243794,
              -31.066531363311796
            ],
            [
              145.73695738667777,
              -31.066531363311796
            ],
            [
              145.73695738667777,
              -31.10251773656537
            ]
          ]
        ]
      },
      "id": "+33898+13465",
      "properties": {
        "count": 13,
        "label": 1
      }
    },
    {
      "type": "Feature",
      "geometry": {
        "geodesic": false,
        "type": "Polygon",
        "coordinates": [
          [
            [
              149.3624010760097,
              -33.32383671452674
            ],
            [
              149.44092236597794,
              -33.32383671452674
            ],
            [
              149.44092236597794,
              -33.29684931703433
            ],
            [
              149.3624010760097,
              -33.29684931703433
            ],
            [
              149.3624010760097,
              -33.32383671452674
            ]
          ]
        ]
      },
      "id": "+33899+13712",
      "properties": {
        "count": 9,
        "label": 1
      }
    },
    {
      "type": "Feature",
      "geometry": {
        "geodesic": false,
        "type": "Polygon",
        "coordinates": [
          [
            [
              149.29625047847637,
              -33.27887068334631
            ],
            [
              149.38541296661495,
              -33.27887068334631
            ],
            [
              149.38541296661495,
              -33.25188328898881
            ],
            [
              149.29625047847637,
              -33.25188328898881
            ],
            [
              149.29625047847637,
              -33.27887068334631
            ]
          ]
        ]
      },
      "id": "+33901+13707",
      "properties": {
        "count": 11,
        "label": 1
      }
    },
    {
      "type": "Feature",
      "geometry": {
        "geodesic": false,
        "type": "Polygon",
        "coordinates": [
          [
            [
              129.9864793511161,
              -16.236747825058355
            ],
            [
              130.08516770116148,
              -16.236747825058355
            ],
            [
              130.08516770116148,
              -16.200762494723847
            ],
            [
              129.9864793511161,
              -16.200762494723847
            ],
            [
              129.9864793511161,
              -16.236747825058355
            ]
          ]
        ]
      },
      "id": "+33902+11812",
      "properties": {
        "count": 28,
        "label": 1
      }
    },
    {
      "type": "Feature",
      "geometry": {
        "geodesic": false,
        "type": "Polygon",
        "coordinates": [
          [
            [
              146.2652378488802,
              -31.417279963096327
            ],
            [
              146.36346764619225,
              -31.417279963096327
            ],
            [
              146.36346764619225,
              -31.381293551362386
            ],
            [
              146.2652378488802,
              -31.381293551362386
            ],
            [
              146.2652378488802,
              -31.417279963096327
            ]
          ]
        ]
      },
      "id": "+33903+13500",
      "properties": {
        "count": 13,
        "label": 1
      }
    },
    {
      "type": "Feature",
      "geometry": {
        "geodesic": false,
        "type": "Polygon",
        "coordinates": [
          [
            [
              130.18752099455978,
              -16.380634430847447
            ],
            [
              130.227652093465,
              -16.380634430847447
            ],
            [
              130.227652093465,
              -16.36264489030293
            ],
            [
              130.18752099455978,
              -16.36264489030293
            ],
            [
              130.18752099455978,
              -16.380634430847447
            ]
          ]
        ]
      },
      "id": "+33907+11828",
      "properties": {
        "count": 6,
        "label": 1
      }
    },
    {
      "type": "Feature",
      "geometry": {
        "geodesic": false,
        "type": "Polygon",
        "coordinates": [
          [
            [
              130.10573047781807,
              -16.218761416369922
            ],
            [
              130.17630810601042,
              -16.218761416369922
            ],
            [
              130.17630810601042,
              -16.18277607972189
            ],
            [
              130.10573047781807,
              -16.18277607972189
            ],
            [
              130.10573047781807,
              -16.218761416369922
            ]
          ]
        ]
      },
      "id": "+33913+11810",
      "properties": {
        "count": 20,
        "label": 1
      }
    },
    {
      "type": "Feature",
      "geometry": {
        "geodesic": false,
        "type": "Polygon",
        "coordinates": [
          [
            [
              146.40923748158392,
              -31.399290579535077
            ],
            [
              146.4829183198166,
              -31.399290579535077
            ],
            [
              146.4829183198166,
              -31.37230331715586
            ],
            [
              146.40923748158392,
              -31.37230331715586
            ],
            [
              146.40923748158392,
              -31.399290579535077
            ]
          ]
        ]
      },
      "id": "+33917+13498",
      "properties": {
        "count": 8,
        "label": 1
      }
    },
    {
      "type": "Feature",
      "geometry": {
        "geodesic": false,
        "type": "Polygon",
        "coordinates": [
          [
            [
              146.97598023316363,
              -31.61513051079692
            ],
            [
              147.08557081141657,
              -31.61513051079692
            ],
            [
              147.08557081141657,
              -31.579144064255928
            ],
            [
              146.97598023316363,
              -31.579144064255928
            ],
            [
              146.97598023316363,
              -31.61513051079692
            ]
          ]
        ]
      },
      "id": "+33940+13522",
      "properties": {
        "count": 16,
        "label": 1
      }
    },
    {
      "type": "Feature",
      "geometry": {
        "geodesic": false,
        "type": "Polygon",
        "coordinates": [
          [
            [
              130.61962199443252,
              -16.074870139757497
            ],
            [
              130.69003615290606,
              -16.074870139757497
            ],
            [
              130.69003615290606,
              -16.038884766811318
            ],
            [
              130.61962199443252,
              -16.038884766811318
            ],
            [
              130.61962199443252,
              -16.074870139757497
            ]
          ]
        ]
      },
      "id": "+33976+11794",
      "properties": {
        "count": 17,
        "label": 1
      }
    },
    {
      "type": "Feature",
      "geometry": {
        "geodesic": false,
        "type": "Polygon",
        "coordinates": [
          [
            [
              130.85827493534418,
              -16.209768235952847
            ],
            [
              130.93833930022348,
              -16.209768235952847
            ],
            [
              130.93833930022348,
              -16.173782848293772
            ],
            [
              130.85827493534418,
              -16.173782848293772
            ],
            [
              130.85827493534418,
              -16.209768235952847
            ]
          ]
        ]
      },
      "id": "+33994+11809",
      "properties": {
        "count": 22,
        "label": 1
      }
    },
    {
      "type": "Feature",
      "geometry": {
        "geodesic": false,
        "type": "Polygon",
        "coordinates": [
          [
            [
              147.72948489589567,
              -31.408283795594375
            ],
            [
              147.80356309102905,
              -31.408283795594375
            ],
            [
              147.80356309102905,
              -31.381296512941738
            ],
            [
              147.72948489589567,
              -31.381296512941738
            ],
            [
              147.72948489589567,
              -31.408283795594375
            ]
          ]
        ]
      },
      "id": "+34040+13499",
      "properties": {
        "count": 8,
        "label": 1
      }
    },
    {
      "type": "Feature",
      "geometry": {
        "geodesic": false,
        "type": "Polygon",
        "coordinates": [
          [
            [
              146.66682657157813,
              -30.616893076927973
            ],
            [
              146.85303456391946,
              -30.616893076927973
            ],
            [
              146.85303456391946,
              -30.562903371463875
            ],
            [
              146.66682657157813,
              -30.562903371463875
            ],
            [
              146.66682657157813,
              -30.616893076927973
            ]
          ]
        ]
      },
      "id": "+34061+13411",
      "properties": {
        "count": 40,
        "label": 1
      }
    },
    {
      "type": "Feature",
      "geometry": {
        "geodesic": false,
        "type": "Polygon",
        "coordinates": [
          [
            [
              130.46409636684126,
              -14.096368386252005
            ],
            [
              130.55469418775726,
              -14.096368386252005
            ],
            [
              130.55469418775726,
              -14.051382708452957
            ],
            [
              130.46409636684126,
              -14.051382708452957
            ],
            [
              130.46409636684126,
              -14.096368386252005
            ]
          ]
        ]
      },
      "id": "+34091+11574",
      "properties": {
        "count": 22,
        "label": 1
      }
    },
    {
      "type": "Feature",
      "geometry": {
        "geodesic": false,
        "type": "Polygon",
        "coordinates": [
          [
            [
              130.7267284442531,
              -12.75637443048261
            ],
            [
              130.805202748164,
              -12.75637443048261
            ],
            [
              130.805202748164,
              -12.729387711134608
            ],
            [
              130.7267284442531,
              -12.729387711134608
            ],
            [
              130.7267284442531,
              -12.75637443048261
            ]
          ]
        ]
      },
      "id": "+34200+11425",
      "properties": {
        "count": 18,
        "label": 1
      }
    },
    {
      "type": "Feature",
      "geometry": {
        "geodesic": false,
        "type": "Polygon",
        "coordinates": [
          [
            [
              149.63533980571088,
              -31.37230884869041
            ],
            [
              149.69557701747195,
              -31.37230884869041
            ],
            [
              149.69557701747195,
              -31.354319018387553
            ],
            [
              149.63533980571088,
              -31.354319018387553
            ],
            [
              149.63533980571088,
              -31.37230884869041
            ]
          ]
        ]
      },
      "id": "+34226+13495",
      "properties": {
        "count": 6,
        "label": 1
      }
    },
    {
      "type": "Feature",
      "geometry": {
        "geodesic": false,
        "type": "Polygon",
        "coordinates": [
          [
            [
              151.8421940577722,
              -32.50545281276423
            ],
            [
              151.9045547693088,
              -32.50545281276423
            ],
            [
              151.9045547693088,
              -32.48746294680736
            ],
            [
              151.8421940577722,
              -32.48746294680736
            ],
            [
              151.8421940577722,
              -32.50545281276423
            ]
          ]
        ]
      },
      "id": "+34259+13621",
      "properties": {
        "count": 6,
        "label": 1
      }
    },
    {
      "type": "Feature",
      "geometry": {
        "geodesic": false,
        "type": "Polygon",
        "coordinates": [
          [
            [
              151.58698590011076,
              -32.352573484136535
            ],
            [
              151.7111323615274,
              -32.352573484136535
            ],
            [
              151.7111323615274,
              -32.31658686222169
            ],
            [
              151.58698590011076,
              -32.31658686222169
            ],
            [
              151.58698590011076,
              -32.352573484136535
            ]
          ]
        ]
      },
      "id": "+34263+13604",
      "properties": {
        "count": 18,
        "label": 1
      }
    },
    {
      "type": "Feature",
      "geometry": {
        "geodesic": false,
        "type": "Polygon",
        "coordinates": [
          [
            [
              151.47306485019286,
              -32.26263840357309
            ],
            [
              151.54998673688422,
              -32.26263840357309
            ],
            [
              151.54998673688422,
              -32.23565103025584
            ],
            [
              151.47306485019286,
              -32.23565103025584
            ],
            [
              151.47306485019286,
              -32.26263840357309
            ]
          ]
        ]
      },
      "id": "+34264+13594",
      "properties": {
        "count": 9,
        "label": 1
      }
    },
    {
      "type": "Feature",
      "geometry": {
        "geodesic": false,
        "type": "Polygon",
        "coordinates": [
          [
            [
              151.89098484824862,
              -32.49645960686118
            ],
            [
              151.94267887042275,
              -32.49645960686118
            ],
            [
              151.94267887042275,
              -32.47846974086523
            ],
            [
              151.89098484824862,
              -32.47846974086523
            ],
            [
              151.89098484824862,
              -32.49645960686118
            ]
          ]
        ]
      },
      "id": "+34264+13620",
      "properties": {
        "count": 4,
        "label": 1
      }
    },
    {
      "type": "Feature",
      "geometry": {
        "geodesic": false,
        "type": "Polygon",
        "coordinates": [
          [
            [
              131.1757528850541,
              -12.306712167007268
            ],
            [
              131.20314255758882,
              -12.306712167007268
            ],
            [
              131.20314255758882,
              -12.28872258827317
            ],
            [
              131.1757528850541,
              -12.28872258827317
            ],
            [
              131.1757528850541,
              -12.306712167007268
            ]
          ]
        ]
      },
      "id": "+34268+11375",
      "properties": {
        "count": 4,
        "label": 1
      }
    },
    {
      "type": "Feature",
      "geometry": {
        "geodesic": false,
        "type": "Polygon",
        "coordinates": [
          [
            [
              131.5727209541336,
              -13.017193270821398
            ],
            [
              131.6522529288371,
              -13.017193270821398
            ],
            [
              131.6522529288371,
              -12.954201990615886
            ],
            [
              131.5727209541336,
              -12.954201990615886
            ],
            [
              131.5727209541336,
              -13.017193270821398
            ]
          ]
        ]
      },
      "id": "+34277+11454",
      "properties": {
        "count": 28,
        "label": 1
      }
    },
    {
      "type": "Feature",
      "geometry": {
        "geodesic": false,
        "type": "Polygon",
        "coordinates": [
          [
            [
              151.55130555879376,
              -32.235661801749245
            ],
            [
              151.6538197736809,
              -32.235661801749245
            ],
            [
              151.6538197736809,
              -32.199675190621534
            ],
            [
              151.55130555879376,
              -32.199675190621534
            ],
            [
              151.55130555879376,
              -32.235661801749245
            ]
          ]
        ]
      },
      "id": "+34277+13591",
      "properties": {
        "count": 14,
        "label": 1
      }
    },
    {
      "type": "Feature",
      "geometry": {
        "geodesic": false,
        "type": "Polygon",
        "coordinates": [
          [
            [
              151.62629297611903,
              -32.26263624973649
            ],
            [
              151.6882417687418,
              -32.26263624973649
            ],
            [
              151.6882417687418,
              -32.24464639001504
            ],
            [
              151.62629297611903,
              -32.24464639001504
            ],
            [
              151.62629297611903,
              -32.26263624973649
            ]
          ]
        ]
      },
      "id": "+34277+13594",
      "properties": {
        "count": 6,
        "label": 1
      }
    },
    {
      "type": "Feature",
      "geometry": {
        "geodesic": false,
        "type": "Polygon",
        "coordinates": [
          [
            [
              130.25327136870322,
              -9.833582516558355
            ],
            [
              130.30040452513762,
              -9.833582516558355
            ],
            [
              130.30040452513762,
              -9.806595775372923
            ],
            [
              130.25327136870322,
              -9.806595775372923
            ],
            [
              130.25327136870322,
              -9.833582516558355
            ]
          ]
        ]
      },
      "id": "+34290+11100",
      "properties": {
        "count": 12,
        "label": 1
      }
    },
    {
      "type": "Feature",
      "geometry": {
        "geodesic": false,
        "type": "Polygon",
        "coordinates": [
          [
            [
              130.89849840989353,
              -11.371420732476189
            ],
            [
              130.9659270953515,
              -11.371420732476189
            ],
            [
              130.9659270953515,
              -11.344433984982146
            ],
            [
              130.89849840989353,
              -11.344433984982146
            ],
            [
              130.89849840989353,
              -11.371420732476189
            ]
          ]
        ]
      },
      "id": "+34291+11271",
      "properties": {
        "count": 14,
        "label": 1
      }
    },
    {
      "type": "Feature",
      "geometry": {
        "geodesic": false,
        "type": "Polygon",
        "coordinates": [
          [
            [
              151.7050975286134,
              -32.0827742826863
            ],
            [
              151.78171241772367,
              -32.0827742826863
            ],
            [
              151.78171241772367,
              -32.05578691423888
            ],
            [
              151.7050975286134,
              -32.05578691423888
            ],
            [
              151.7050975286134,
              -32.0827742826863
            ]
          ]
        ]
      },
      "id": "+34314+13574",
      "properties": {
        "count": 9,
        "label": 1
      }
    },
    {
      "type": "Feature",
      "geometry": {
        "geodesic": false,
        "type": "Polygon",
        "coordinates": [
          [
            [
              133.76534504288847,
              -15.796080864120972
            ],
            [
              133.8451671348998,
              -15.796080864120972
            ],
            [
              133.8451671348998,
              -15.760095275247036
            ],
            [
              133.76534504288847,
              -15.760095275247036
            ],
            [
              133.76534504288847,
              -15.796080864120972
            ]
          ]
        ]
      },
      "id": "+34333+11763",
      "properties": {
        "count": 17,
        "label": 1
      }
    },
    {
      "type": "Feature",
      "geometry": {
        "geodesic": false,
        "type": "Polygon",
        "coordinates": [
          [
            [
              133.60444239745223,
              -15.535277890136298
            ],
            [
              133.68375254581872,
              -15.535277890136298
            ],
            [
              133.68375254581872,
              -15.49929230572127
            ],
            [
              133.60444239745223,
              -15.49929230572127
            ],
            [
              133.60444239745223,
              -15.535277890136298
            ]
          ]
        ]
      },
      "id": "+34335+11734",
      "properties": {
        "count": 21,
        "label": 1
      }
    },
    {
      "type": "Feature",
      "geometry": {
        "geodesic": false,
        "type": "Polygon",
        "coordinates": [
          [
            [
              133.82575925518927,
              -15.76010804318076
            ],
            [
              133.91486964962917,
              -15.76010804318076
            ],
            [
              133.91486964962917,
              -15.724122448806481
            ],
            [
              133.82575925518927,
              -15.724122448806481
            ],
            [
              133.82575925518927,
              -15.76010804318076
            ]
          ]
        ]
      },
      "id": "+34341+11759",
      "properties": {
        "count": 20,
        "label": 1
      }
    },
    {
      "type": "Feature",
      "geometry": {
        "geodesic": false,
        "type": "Polygon",
        "coordinates": [
          [
            [
              133.89898877090602,
              -15.70614601501267
            ],
            [
              133.94473721306358,
              -15.70614601501267
            ],
            [
              133.94473721306358,
              -15.679159211826063
            ],
            [
              133.89898877090602,
              -15.679159211826063
            ],
            [
              133.89898877090602,
              -15.70614601501267
            ]
          ]
        ]
      },
      "id": "+34352+11753",
      "properties": {
        "count": 9,
        "label": 1
      }
    },
    {
      "type": "Feature",
      "geometry": {
        "geodesic": false,
        "type": "Polygon",
        "coordinates": [
          [
            [
              133.78877348624934,
              -15.54428428039884
            ],
            [
              133.93230112125178,
              -15.54428428039884
            ],
            [
              133.93230112125178,
              -15.48129270953613
            ],
            [
              133.78877348624934,
              -15.48129270953613
            ],
            [
              133.78877348624934,
              -15.54428428039884
            ]
          ]
        ]
      },
      "id": "+34357+11735",
      "properties": {
        "count": 50,
        "label": 1
      }
    },
    {
      "type": "Feature",
      "geometry": {
        "geodesic": false,
        "type": "Polygon",
        "coordinates": [
          [
            [
              134.16984925830783,
              -15.751134040699418
            ],
            [
              134.27337764424294,
              -15.751134040699418
            ],
            [
              134.27337764424294,
              -15.679137215752286
            ],
            [
              134.16984925830783,
              -15.679137215752286
            ],
            [
              134.16984925830783,
              -15.751134040699418
            ]
          ]
        ]
      },
      "id": "+34382+11758",
      "properties": {
        "count": 33,
        "label": 1
      }
    },
    {
      "type": "Feature",
      "geometry": {
        "geodesic": false,
        "type": "Polygon",
        "coordinates": [
          [
            [
              134.16349401982848,
              -15.661195984567046
            ],
            [
              134.2421391057046,
              -15.661195984567046
            ],
            [
              134.2421391057046,
              -15.598204359355364
            ],
            [
              134.16349401982848,
              -15.598204359355364
            ],
            [
              134.16349401982848,
              -15.661195984567046
            ]
          ]
        ]
      },
      "id": "+34385+11748",
      "properties": {
        "count": 20,
        "label": 1
      }
    },
    {
      "type": "Feature",
      "geometry": {
        "geodesic": false,
        "type": "Polygon",
        "coordinates": [
          [
            [
              132.21702286067438,
              -12.216784901006685
            ],
            [
              132.28099069152123,
              -12.216784901006685
            ],
            [
              132.28099069152123,
              -12.180799323976702
            ],
            [
              132.21702286067438,
              -12.180799323976702
            ],
            [
              132.21702286067438,
              -12.216784901006685
            ]
          ]
        ]
      },
      "id": "+34389+11365",
      "properties": {
        "count": 17,
        "label": 1
      }
    },
    {
      "type": "Feature",
      "geometry": {
        "geodesic": false,
        "type": "Polygon",
        "coordinates": [
          [
            [
              134.23182516215033,
              -15.733132039987272
            ],
            [
              134.34557016973272,
              -15.733132039987272
            ],
            [
              134.34557016973272,
              -15.688146010541816
            ],
            [
              134.23182516215033,
              -15.688146010541816
            ],
            [
              134.23182516215033,
              -15.733132039987272
            ]
          ]
        ]
      },
      "id": "+34390+11756",
      "properties": {
        "count": 27,
        "label": 1
      }
    },
    {
      "type": "Feature",
      "geometry": {
        "geodesic": false,
        "type": "Polygon",
        "coordinates": [
          [
            [
              151.7669165874153,
              -31.570159387526413
            ],
            [
              151.8278547402474,
              -31.570159387526413
            ],
            [
              151.8278547402474,
              -31.55216954014567
            ],
            [
              151.7669165874153,
              -31.55216954014567
            ],
            [
              151.7669165874153,
              -31.570159387526413
            ]
          ]
        ]
      },
      "id": "+34398+13517",
      "properties": {
        "count": 6,
        "label": 1
      }
    },
    {
      "type": "Feature",
      "geometry": {
        "geodesic": false,
        "type": "Polygon",
        "coordinates": [
          [
            [
              134.36945188520724,
              -15.688157611071828
            ],
            [
              134.39997812801403,
              -15.688157611071828
            ],
            [
              134.39997812801403,
              -15.670167997999108
            ],
            [
              134.36945188520724,
              -15.670167997999108
            ],
            [
              134.36945188520724,
              -15.688157611071828
            ]
          ]
        ]
      },
      "id": "+34402+11751",
      "properties": {
        "count": 4,
        "label": 1
      }
    },
    {
      "type": "Feature",
      "geometry": {
        "geodesic": false,
        "type": "Polygon",
        "coordinates": [
          [
            [
              134.41118556534641,
              -15.661179995486727
            ],
            [
              134.46628198262272,
              -15.661179995486727
            ],
            [
              134.46628198262272,
              -15.634193172126059
            ],
            [
              134.41118556534641,
              -15.634193172126059
            ],
            [
              134.41118556534641,
              -15.661179995486727
            ]
          ]
        ]
      },
      "id": "+34411+11748",
      "properties": {
        "count": 12,
        "label": 1
      }
    },
    {
      "type": "Feature",
      "geometry": {
        "geodesic": false,
        "type": "Polygon",
        "coordinates": [
          [
            [
              134.41073083979103,
              -15.634222408023113
            ],
            [
              134.56063433617788,
              -15.634222408023113
            ],
            [
              134.56063433617788,
              -15.562225494441147
            ],
            [
              134.41073083979103,
              -15.562225494441147
            ],
            [
              134.41073083979103,
              -15.634222408023113
            ]
          ]
        ]
      },
      "id": "+34416+11745",
      "properties": {
        "count": 38,
        "label": 1
      }
    },
    {
      "type": "Feature",
      "geometry": {
        "geodesic": false,
        "type": "Polygon",
        "coordinates": [
          [
            [
              151.94701013012386,
              -31.55218199672
            ],
            [
              152.0835302657933,
              -31.55218199672
            ],
            [
              152.0835302657933,
              -31.507194489493926
            ],
            [
              151.94701013012386,
              -31.507194489493926
            ],
            [
              151.94701013012386,
              -31.55218199672
            ]
          ]
        ]
      },
      "id": "+34422+13515",
      "properties": {
        "count": 17,
        "label": 1
      }
    },
    {
      "type": "Feature",
      "geometry": {
        "geodesic": false,
        "type": "Polygon",
        "coordinates": [
          [
            [
              134.4758512657151,
              -15.535281524502837
            ],
            [
              134.55183908213374,
              -15.535281524502837
            ],
            [
              134.55183908213374,
              -15.490295465432151
            ],
            [
              134.4758512657151,
              -15.490295465432151
            ],
            [
              134.4758512657151,
              -15.535281524502837
            ]
          ]
        ]
      },
      "id": "+34426+11734",
      "properties": {
        "count": 18,
        "label": 1
      }
    },
    {
      "type": "Feature",
      "geometry": {
        "geodesic": false,
        "type": "Polygon",
        "coordinates": [
          [
            [
              134.51546307448282,
              -15.472325481013456
            ],
            [
              134.62280925201014,
              -15.472325481013456
            ],
            [
              134.62280925201014,
              -15.43633983192779
            ],
            [
              134.51546307448282,
              -15.43633983192779
            ],
            [
              134.51546307448282,
              -15.472325481013456
            ]
          ]
        ]
      },
      "id": "+34435+11727",
      "properties": {
        "count": 22,
        "label": 1
      }
    },
    {
      "type": "Feature",
      "geometry": {
        "geodesic": false,
        "type": "Polygon",
        "coordinates": [
          [
            [
              151.78877769056135,
              -31.282381941432288
            ],
            [
              151.8887567339718,
              -31.282381941432288
            ],
            [
              151.8887567339718,
              -31.246395395348628
            ],
            [
              151.78877769056135,
              -31.246395395348628
            ],
            [
              151.78877769056135,
              -31.282381941432288
            ]
          ]
        ]
      },
      "id": "+34445+13485",
      "properties": {
        "count": 13,
        "label": 1
      }
    },
    {
      "type": "Feature",
      "geometry": {
        "geodesic": false,
        "type": "Polygon",
        "coordinates": [
          [
            [
              134.5301310553356,
              -15.2834653515079
            ],
            [
              134.56607959733242,
              -15.2834653515079
            ],
            [
              134.56607959733242,
              -15.256478518607006
            ],
            [
              134.5301310553356,
              -15.256478518607006
            ],
            [
              134.5301310553356,
              -15.2834653515079
            ]
          ]
        ]
      },
      "id": "+34448+11706",
      "properties": {
        "count": 6,
        "label": 1
      }
    },
    {
      "type": "Feature",
      "geometry": {
        "geodesic": false,
        "type": "Polygon",
        "coordinates": [
          [
            [
              135.60754483087618,
              -16.9382261015102
            ],
            [
              135.74981943382784,
              -16.9382261015102
            ],
            [
              135.74981943382784,
              -16.884237930351432
            ],
            [
              135.60754483087618,
              -16.884237930351432
            ],
            [
              135.60754483087618,
              -16.9382261015102
            ]
          ]
        ]
      },
      "id": "+34450+11890",
      "properties": {
        "count": 37,
        "label": 1
      }
    },
    {
      "type": "Feature",
      "geometry": {
        "geodesic": false,
        "type": "Polygon",
        "coordinates": [
          [
            [
              134.5660615552661,
              -15.337435413976674
            ],
            [
              134.6474157174485,
              -15.337435413976674
            ],
            [
              134.6474157174485,
              -15.283447309441577
            ],
            [
              134.5660615552661,
              -15.283447309441577
            ],
            [
              134.5660615552661,
              -15.337435413976674
            ]
          ]
        ]
      },
      "id": "+34451+11712",
      "properties": {
        "count": 21,
        "label": 1
      }
    },
    {
      "type": "Feature",
      "geometry": {
        "geodesic": false,
        "type": "Polygon",
        "coordinates": [
          [
            [
              135.72680358371335,
              -16.920228839109342
            ],
            [
              135.75563833341997,
              -16.920228839109342
            ],
            [
              135.75563833341997,
              -16.89324198682969
            ],
            [
              135.72680358371335,
              -16.89324198682969
            ],
            [
              135.72680358371335,
              -16.920228839109342
            ]
          ]
        ]
      },
      "id": "+34456+11888",
      "properties": {
        "count": 3,
        "label": 1
      }
    },
    {
      "type": "Feature",
      "geometry": {
        "geodesic": false,
        "type": "Polygon",
        "coordinates": [
          [
            [
              132.45864232874553,
              -11.362430360598447
            ],
            [
              132.50285992346468,
              -11.362430360598447
            ],
            [
              132.50285992346468,
              -11.32644473909213
            ],
            [
              132.45864232874553,
              -11.32644473909213
            ],
            [
              132.45864232874553,
              -11.362430360598447
            ]
          ]
        ]
      },
      "id": "+34457+11270",
      "properties": {
        "count": 10,
        "label": 1
      }
    },
    {
      "type": "Feature",
      "geometry": {
        "geodesic": false,
        "type": "Polygon",
        "coordinates": [
          [
            [
              134.58526101139043,
              -15.229504112463609
            ],
            [
              134.62472142042532,
              -15.229504112463609
            ],
            [
              134.62472142042532,
              -15.211514492502772
            ],
            [
              134.58526101139043,
              -15.211514492502772
            ],
            [
              134.58526101139043,
              -15.229504112463609
            ]
          ]
        ]
      },
      "id": "+34457+11700",
      "properties": {
        "count": 4,
        "label": 1
      }
    },
    {
      "type": "Feature",
      "geometry": {
        "geodesic": false,
        "type": "Polygon",
        "coordinates": [
          [
            [
              132.95650331378616,
              -12.360673420398811
            ],
            [
              133.00704224799233,
              -12.360673420398811
            ],
            [
              133.00704224799233,
              -12.333686600030154
            ],
            [
              132.95650331378616,
              -12.333686600030154
            ],
            [
              132.95650331378616,
              -12.360673420398811
            ]
          ]
        ]
      },
      "id": "+34460+11381",
      "properties": {
        "count": 11,
        "label": 1
      }
    },
    {
      "type": "Feature",
      "geometry": {
        "geodesic": false,
        "type": "Polygon",
        "coordinates": [
          [
            [
              135.87866874579532,
              -17.091099753322073
            ],
            [
              135.9171511828725,
              -17.091099753322073
            ],
            [
              135.9171511828725,
              -17.064112897675525
            ],
            [
              135.87866874579532,
              -17.064112897675525
            ],
            [
              135.87866874579532,
              -17.091099753322073
            ]
          ]
        ]
      },
      "id": "+34460+11907",
      "properties": {
        "count": 6,
        "label": 1
      }
    },
    {
      "type": "Feature",
      "geometry": {
        "geodesic": false,
        "type": "Polygon",
        "coordinates": [
          [
            [
              135.74389652223826,
              -16.821300358747425
            ],
            [
              135.77852273584494,
              -16.821300358747425
            ],
            [
              135.77852273584494,
              -16.81230634873973
            ],
            [
              135.74389652223826,
              -16.81230634873973
            ],
            [
              135.74389652223826,
              -16.821300358747425
            ]
          ]
        ]
      },
      "id": "+34466+11877",
      "properties": {
        "count": 3,
        "label": 1
      }
    },
    {
      "type": "Feature",
      "geometry": {
        "geodesic": false,
        "type": "Polygon",
        "coordinates": [
          [
            [
              135.83658024249578,
              -17.04613372458391
            ],
            [
              135.95024864540363,
              -17.04613372458391
            ],
            [
              135.95024864540363,
              -17.019146867187754
            ],
            [
              135.83658024249578,
              -17.019146867187754
            ],
            [
              135.83658024249578,
              -17.04613372458391
            ]
          ]
        ]
      },
      "id": "+34467+11902",
      "properties": {
        "count": 26,
        "label": 1
      }
    },
    {
      "type": "Feature",
      "geometry": {
        "geodesic": false,
        "type": "Polygon",
        "coordinates": [
          [
            [
              135.85966371878717,
              -17.046178796958593
            ],
            [
              136.07257743448372,
              -17.046178796958593
            ],
            [
              136.07257743448372,
              -16.947156147432324
            ],
            [
              135.85966371878717,
              -16.947156147432324
            ],
            [
              135.85966371878717,
              -17.046178796958593
            ]
          ]
        ]
      },
      "id": "+34469+11902",
      "properties": {
        "count": 46,
        "label": 1
      }
    },
    {
      "type": "Feature",
      "geometry": {
        "geodesic": false,
        "type": "Polygon",
        "coordinates": [
          [
            [
              152.54826975457908,
              -31.534188715637193
            ],
            [
              152.61344119427662,
              -31.534188715637193
            ],
            [
              152.61344119427662,
              -31.507201358731557
            ],
            [
              152.54826975457908,
              -31.507201358731557
            ],
            [
              152.54826975457908,
              -31.534188715637193
            ]
          ]
        ]
      },
      "id": "+34478+13513",
      "properties": {
        "count": 6,
        "label": 1
      }
    },
    {
      "type": "Feature",
      "geometry": {
        "geodesic": false,
        "type": "Polygon",
        "coordinates": [
          [
            [
              135.92602258643169,
              -16.695401515116465
            ],
            [
              136.00793849994892,
              -16.695401515116465
            ],
            [
              136.00793849994892,
              -16.659415808770277
            ],
            [
              135.92602258643169,
              -16.659415808770277
            ],
            [
              135.92602258643169,
              -16.695401515116465
            ]
          ]
        ]
      },
      "id": "+34500+11863",
      "properties": {
        "count": 21,
        "label": 1
      }
    },
    {
      "type": "Feature",
      "geometry": {
        "geodesic": false,
        "type": "Polygon",
        "coordinates": [
          [
            [
              151.39392118034834,
              -30.53594582043167
            ],
            [
              151.48129904103425,
              -30.53594582043167
            ],
            [
              151.48129904103425,
              -30.499959333198678
            ],
            [
              151.39392118034834,
              -30.499959333198678
            ],
            [
              151.39392118034834,
              -30.53594582043167
            ]
          ]
        ]
      },
      "id": "+34520+13402",
      "properties": {
        "count": 8,
        "label": 1
      }
    },
    {
      "type": "Feature",
      "geometry": {
        "geodesic": false,
        "type": "Polygon",
        "coordinates": [
          [
            [
              139.1725272660484,
              -20.400606067671582
            ],
            [
              139.27069592741876,
              -20.400606067671582
            ],
            [
              139.27069592741876,
              -20.355619730509837
            ],
            [
              139.1725272660484,
              -20.355619730509837
            ],
            [
              139.1725272660484,
              -20.400606067671582
            ]
          ]
        ]
      },
      "id": "+34528+12275",
      "properties": {
        "count": 25,
        "label": 1
      }
    },
    {
      "type": "Feature",
      "geometry": {
        "geodesic": false,
        "type": "Polygon",
        "coordinates": [
          [
            [
              134.98358037986964,
              -14.761859421234693
            ],
            [
              135.02822158991472,
              -14.761859421234693
            ],
            [
              135.02822158991472,
              -14.734872561859333
            ],
            [
              134.98358037986964,
              -14.734872561859333
            ],
            [
              134.98358037986964,
              -14.761859421234693
            ]
          ]
        ]
      },
      "id": "+34533+11648",
      "properties": {
        "count": 8,
        "label": 1
      }
    },
    {
      "type": "Feature",
      "geometry": {
        "geodesic": false,
        "type": "Polygon",
        "coordinates": [
          [
            [
              149.00215463094048,
              -28.746292697761294
            ],
            [
              149.04832309242718,
              -28.746292697761294
            ],
            [
              149.04832309242718,
              -28.728302910521915
            ],
            [
              149.00215463094048,
              -28.728302910521915
            ],
            [
              149.00215463094048,
              -28.746292697761294
            ]
          ]
        ]
      },
      "id": "+34545+13203",
      "properties": {
        "count": 4,
        "label": 1
      }
    },
    {
      "type": "Feature",
      "geometry": {
        "geodesic": false,
        "type": "Polygon",
        "coordinates": [
          [
            [
              152.37033356904786,
              -30.877687669036565
            ],
            [
              152.47991265160803,
              -30.877687669036565
            ],
            [
              152.47991265160803,
              -30.841701134710917
            ],
            [
              152.37033356904786,
              -30.841701134710917
            ],
            [
              152.37033356904786,
              -30.877687669036565
            ]
          ]
        ]
      },
      "id": "+34564+13440",
      "properties": {
        "count": 16,
        "label": 1
      }
    },
    {
      "type": "Feature",
      "geometry": {
        "geodesic": false,
        "type": "Polygon",
        "coordinates": [
          [
            [
              135.14991158521258,
              -14.582001754767779
            ],
            [
              135.22394540006403,
              -14.582001754767779
            ],
            [
              135.22394540006403,
              -14.53701557957731
            ],
            [
              135.14991158521258,
              -14.53701557957731
            ],
            [
              135.14991158521258,
              -14.582001754767779
            ]
          ]
        ]
      },
      "id": "+34565+11628",
      "properties": {
        "count": 20,
        "label": 1
      }
    },
    {
      "type": "Feature",
      "geometry": {
        "geodesic": false,
        "type": "Polygon",
        "coordinates": [
          [
            [
              133.941605514596,
              -12.306714206353046
            ],
            [
              133.98297149179382,
              -12.306714206353046
            ],
            [
              133.98297149179382,
              -12.279727343004794
            ],
            [
              133.941605514596,
              -12.279727343004794
            ],
            [
              133.941605514596,
              -12.306714206353046
            ]
          ]
        ]
      },
      "id": "+34570+11375",
      "properties": {
        "count": 9,
        "label": 1
      }
    },
    {
      "type": "Feature",
      "geometry": {
        "geodesic": false,
        "type": "Polygon",
        "coordinates": [
          [
            [
              137.93188809792517,
              -18.422092230976734
            ],
            [
              137.98422288525504,
              -18.422092230976734
            ],
            [
              137.98422288525504,
              -18.40410257903122
            ],
            [
              137.93188809792517,
              -18.40410257903122
            ],
            [
              137.93188809792517,
              -18.422092230976734
            ]
          ]
        ]
      },
      "id": "+34571+12055",
      "properties": {
        "count": 8,
        "label": 1
      }
    },
    {
      "type": "Feature",
      "geometry": {
        "geodesic": false,
        "type": "Polygon",
        "coordinates": [
          [
            [
              152.26892579577375,
              -30.7517797838408
            ],
            [
              152.3429710617387,
              -30.7517797838408
            ],
            [
              152.3429710617387,
              -30.724792459996642
            ],
            [
              152.26892579577375,
              -30.724792459996642
            ],
            [
              152.26892579577375,
              -30.7517797838408
            ]
          ]
        ]
      },
      "id": "+34571+13426",
      "properties": {
        "count": 7,
        "label": 1
      }
    },
    {
      "type": "Feature",
      "geometry": {
        "geodesic": false,
        "type": "Polygon",
        "coordinates": [
          [
            [
              138.29489910961595,
              -19.10587017404143
            ],
            [
              138.8018219852845,
              -19.10587017404143
            ],
            [
              138.8018219852845,
              -18.862461788135924
            ],
            [
              138.29489910961595,
              -18.862461788135924
            ],
            [
              138.29489910961595,
              -19.10587017404143
            ]
          ]
        ]
      },
      "id": "+34575+12131",
      "properties": {
        "count": 284,
        "label": 1
      }
    },
    {
      "type": "Feature",
      "geometry": {
        "geodesic": false,
        "type": "Polygon",
        "coordinates": [
          [
            [
              137.92866044267362,
              -18.368151226494163
            ],
            [
              138.03579189424698,
              -18.368151226494163
            ],
            [
              138.03579189424698,
              -18.305159082829682
            ],
            [
              137.92866044267362,
              -18.305159082829682
            ],
            [
              137.92866044267362,
              -18.368151226494163
            ]
          ]
        ]
      },
      "id": "+34577+12049",
      "properties": {
        "count": 29,
        "label": 1
      }
    },
    {
      "type": "Feature",
      "geometry": {
        "geodesic": false,
        "type": "Polygon",
        "coordinates": [
          [
            [
              151.12234727642144,
              -29.870462605769333
            ],
            [
              151.32137181680957,
              -29.870462605769333
            ],
            [
              151.32137181680957,
              -29.80746845354935
            ],
            [
              151.12234727642144,
              -29.80746845354935
            ],
            [
              151.12234727642144,
              -29.870462605769333
            ]
          ]
        ]
      },
      "id": "+34600+13328",
      "properties": {
        "count": 45,
        "label": 1
      }
    },
    {
      "type": "Feature",
      "geometry": {
        "geodesic": false,
        "type": "Polygon",
        "coordinates": [
          [
            [
              136.50630553048737,
              -15.984935444256696
            ],
            [
              136.534065871124,
              -15.984935444256696
            ],
            [
              136.534065871124,
              -15.957948549782829
            ],
            [
              136.50630553048737,
              -15.957948549782829
            ],
            [
              136.50630553048737,
              -15.984935444256696
            ]
          ]
        ]
      },
      "id": "+34609+11784",
      "properties": {
        "count": 3,
        "label": 1
      }
    },
    {
      "type": "Feature",
      "geometry": {
        "geodesic": false,
        "type": "Polygon",
        "coordinates": [
          [
            [
              134.50836846465083,
              -12.50456272835295
            ],
            [
              134.53615312143685,
              -12.50456272835295
            ],
            [
              134.53615312143685,
              -12.486573087521608
            ],
            [
              134.50836846465083,
              -12.486573087521608
            ],
            [
              134.50836846465083,
              -12.50456272835295
            ]
          ]
        ]
      },
      "id": "+34619+11397",
      "properties": {
        "count": 4,
        "label": 1
      }
    },
    {
      "type": "Feature",
      "geometry": {
        "geodesic": false,
        "type": "Polygon",
        "coordinates": [
          [
            [
              149.1619751506092,
              -28.33260733141425
            ],
            [
              149.2304883960154,
              -28.33260733141425
            ],
            [
              149.2304883960154,
              -28.30562012606775
            ],
            [
              149.1619751506092,
              -28.30562012606775
            ],
            [
              149.1619751506092,
              -28.33260733141425
            ]
          ]
        ]
      },
      "id": "+34620+13157",
      "properties": {
        "count": 9,
        "label": 1
      }
    },
    {
      "type": "Feature",
      "geometry": {
        "geodesic": false,
        "type": "Polygon",
        "coordinates": [
          [
            [
              152.71413167152622,
              -30.715806962812785
            ],
            [
              152.79868952607862,
              -30.715806962812785
            ],
            [
              152.79868952607862,
              -30.688819633643906
            ],
            [
              152.71413167152622,
              -30.688819633643906
            ],
            [
              152.71413167152622,
              -30.715806962812785
            ]
          ]
        ]
      },
      "id": "+34621+13422",
      "properties": {
        "count": 12,
        "label": 1
      }
    },
    {
      "type": "Feature",
      "geometry": {
        "geodesic": false,
        "type": "Polygon",
        "coordinates": [
          [
            [
              134.5923797192739,
              -12.61248119972375
            ],
            [
              134.62026148475724,
              -12.61248119972375
            ],
            [
              134.62026148475724,
              -12.594491558293056
            ],
            [
              134.5923797192739,
              -12.594491558293056
            ],
            [
              134.5923797192739,
              -12.61248119972375
            ]
          ]
        ]
      },
      "id": "+34622+11409",
      "properties": {
        "count": 4,
        "label": 1
      }
    },
    {
      "type": "Feature",
      "geometry": {
        "geodesic": false,
        "type": "Polygon",
        "coordinates": [
          [
            [
              152.73797151938317,
              -30.69782055090539
            ],
            [
              152.83295647442154,
              -30.69782055090539
            ],
            [
              152.83295647442154,
              -30.670833221860907
            ],
            [
              152.73797151938317,
              -30.670833221860907
            ],
            [
              152.73797151938317,
              -30.69782055090539
            ]
          ]
        ]
      },
      "id": "+34627+13420",
      "properties": {
        "count": 13,
        "label": 1
      }
    },
    {
      "type": "Feature",
      "geometry": {
        "geodesic": false,
        "type": "Polygon",
        "coordinates": [
          [
            [
              134.89875905517286,
              -13.098114320271625
            ],
            [
              134.93630907198576,
              -13.098114320271625
            ],
            [
              134.93630907198576,
              -13.080124677385307
            ],
            [
              134.89875905517286,
              -13.080124677385307
            ],
            [
              134.89875905517286,
              -13.098114320271625
            ]
          ]
        ]
      },
      "id": "+34628+11463",
      "properties": {
        "count": 6,
        "label": 1
      }
    },
    {
      "type": "Feature",
      "geometry": {
        "geodesic": false,
        "type": "Polygon",
        "coordinates": [
          [
            [
              135.518750417122,
              -14.222267081919966
            ],
            [
              135.59058173173307,
              -14.222267081919966
            ],
            [
              135.59058173173307,
              -14.19528019046283
            ],
            [
              135.518750417122,
              -14.19528019046283
            ],
            [
              135.518750417122,
              -14.222267081919966
            ]
          ]
        ]
      },
      "id": "+34629+11588",
      "properties": {
        "count": 18,
        "label": 1
      }
    },
    {
      "type": "Feature",
      "geometry": {
        "geodesic": false,
        "type": "Polygon",
        "coordinates": [
          [
            [
              135.50899384441558,
              -14.177307521081312
            ],
            [
              135.6285949303533,
              -14.177307521081312
            ],
            [
              135.6285949303533,
              -14.132321280230341
            ],
            [
              135.50899384441558,
              -14.132321280230341
            ],
            [
              135.50899384441558,
              -14.177307521081312
            ]
          ]
        ]
      },
      "id": "+34636+11583",
      "properties": {
        "count": 45,
        "label": 1
      }
    },
    {
      "type": "Feature",
      "geometry": {
        "geodesic": false,
        "type": "Polygon",
        "coordinates": [
          [
            [
              148.72398491714904,
              -27.882944923771998
            ],
            [
              148.77920626401402,
              -27.882944923771998
            ],
            [
              148.77920626401402,
              -27.864955147373202
            ],
            [
              148.72398491714904,
              -27.864955147373202
            ],
            [
              148.72398491714904,
              -27.882944923771998
            ]
          ]
        ]
      },
      "id": "+34637+13107",
      "properties": {
        "count": 6,
        "label": 1
      }
    },
    {
      "type": "Feature",
      "geometry": {
        "geodesic": false,
        "type": "Polygon",
        "coordinates": [
          [
            [
              149.96121811619616,
              -28.782270600001635
            ],
            [
              150.0642291907493,
              -28.782270600001635
            ],
            [
              150.0642291907493,
              -28.74628424381714
            ],
            [
              149.96121811619616,
              -28.74628424381714
            ],
            [
              149.96121811619616,
              -28.782270600001635
            ]
          ]
        ]
      },
      "id": "+34638+13207",
      "properties": {
        "count": 16,
        "label": 1
      }
    },
    {
      "type": "Feature",
      "geometry": {
        "geodesic": false,
        "type": "Polygon",
        "coordinates": [
          [
            [
              134.66880475924233,
              -12.36966464165338
            ],
            [
              134.69648664276616,
              -12.36966464165338
            ],
            [
              134.69648664276616,
              -12.351674996543379
            ],
            [
              134.66880475924233,
              -12.351674996543379
            ],
            [
              134.66880475924233,
              -12.36966464165338
            ]
          ]
        ]
      },
      "id": "+34644+11382",
      "properties": {
        "count": 4,
        "label": 1
      }
    },
    {
      "type": "Feature",
      "geometry": {
        "geodesic": false,
        "type": "Polygon",
        "coordinates": [
          [
            [
              148.73725779309214,
              -27.819994584647734
            ],
            [
              148.80471238545164,
              -27.819994584647734
            ],
            [
              148.80471238545164,
              -27.793007397658567
            ],
            [
              148.73725779309214,
              -27.793007397658567
            ],
            [
              148.73725779309214,
              -27.819994584647734
            ]
          ]
        ]
      },
      "id": "+34648+13100",
      "properties": {
        "count": 8,
        "label": 1
      }
    },
    {
      "type": "Feature",
      "geometry": {
        "geodesic": false,
        "type": "Polygon",
        "coordinates": [
          [
            [
              135.7933015124009,
              -14.069385422770901
            ],
            [
              135.87955364514877,
              -14.069385422770901
            ],
            [
              135.87955364514877,
              -14.033399642321106
            ],
            [
              135.7933015124009,
              -14.033399642321106
            ],
            [
              135.7933015124009,
              -14.069385422770901
            ]
          ]
        ]
      },
      "id": "+34670+11571",
      "properties": {
        "count": 28,
        "label": 1
      }
    },
    {
      "type": "Feature",
      "geometry": {
        "geodesic": false,
        "type": "Polygon",
        "coordinates": [
          [
            [
              152.35729007537122,
              -30.10426681246444
            ],
            [
              152.43699284338877,
              -30.10426681246444
            ],
            [
              152.43699284338877,
              -30.086276984442076
            ],
            [
              152.35729007537122,
              -30.086276984442076
            ],
            [
              152.35729007537122,
              -30.10426681246444
            ]
          ]
        ]
      },
      "id": "+34678+13354",
      "properties": {
        "count": 10,
        "label": 1
      }
    },
    {
      "type": "Feature",
      "geometry": {
        "geodesic": false,
        "type": "Polygon",
        "coordinates": [
          [
            [
              147.6582731854831,
              -26.76778947259933
            ],
            [
              147.72355509820343,
              -26.76778947259933
            ],
            [
              147.72355509820343,
              -26.740802323820045
            ],
            [
              147.6582731854831,
              -26.740802323820045
            ],
            [
              147.6582731854831,
              -26.76778947259933
            ]
          ]
        ]
      },
      "id": "+34680+12983",
      "properties": {
        "count": 9,
        "label": 1
      }
    },
    {
      "type": "Feature",
      "geometry": {
        "geodesic": false,
        "type": "Polygon",
        "coordinates": [
          [
            [
              152.57898652026194,
              -30.10427193974459
            ],
            [
              152.69688294051602,
              -30.10427193974459
            ],
            [
              152.69688294051602,
              -30.06828544531674
            ],
            [
              152.57898652026194,
              -30.06828544531674
            ],
            [
              152.57898652026194,
              -30.10427193974459
            ]
          ]
        ]
      },
      "id": "+34702+13354",
      "properties": {
        "count": 18,
        "label": 1
      }
    },
    {
      "type": "Feature",
      "geometry": {
        "geodesic": false,
        "type": "Polygon",
        "coordinates": [
          [
            [
              152.47675798282907,
              -29.825479560605903
            ],
            [
              152.55937579824524,
              -29.825479560605903
            ],
            [
              152.55937579824524,
              -29.798492263177227
            ],
            [
              152.47675798282907,
              -29.798492263177227
            ],
            [
              152.47675798282907,
              -29.825479560605903
            ]
          ]
        ]
      },
      "id": "+34730+13323",
      "properties": {
        "count": 11,
        "label": 1
      }
    },
    {
      "type": "Feature",
      "geometry": {
        "geodesic": false,
        "type": "Polygon",
        "coordinates": [
          [
            [
              152.84218446621026,
              -30.077289332989064
            ],
            [
              152.93581993563177,
              -30.077289332989064
            ],
            [
              152.93581993563177,
              -30.050302022459302
            ],
            [
              152.84218446621026,
              -30.050302022459302
            ],
            [
              152.84218446621026,
              -30.077289332989064
            ]
          ]
        ]
      },
      "id": "+34730+13351",
      "properties": {
        "count": 13,
        "label": 1
      }
    },
    {
      "type": "Feature",
      "geometry": {
        "geodesic": false,
        "type": "Polygon",
        "coordinates": [
          [
            [
              138.6451163741875,
              -17.441851124728156
            ],
            [
              138.83433248335177,
              -17.441851124728156
            ],
            [
              138.83433248335177,
              -17.378858764541373
            ],
            [
              138.6451163741875,
              -17.378858764541373
            ],
            [
              138.6451163741875,
              -17.441851124728156
            ]
          ]
        ]
      },
      "id": "+34734+11946",
      "properties": {
        "count": 60,
        "label": 1
      }
    },
    {
      "type": "Feature",
      "geometry": {
        "geodesic": false,
        "type": "Polygon",
        "coordinates": [
          [
            [
              152.5560016702141,
              -29.86145921413651
            ],
            [
              152.68693488218523,
              -29.86145921413651
            ],
            [
              152.68693488218523,
              -29.816471845182175
            ],
            [
              152.5560016702141,
              -29.816471845182175
            ],
            [
              152.5560016702141,
              -29.86145921413651
            ]
          ]
        ]
      },
      "id": "+34735+13327",
      "properties": {
        "count": 17,
        "label": 1
      }
    },
    {
      "type": "Feature",
      "geometry": {
        "geodesic": false,
        "type": "Polygon",
        "coordinates": [
          [
            [
              138.7725868392441,
              -17.495796917372864
            ],
            [
              138.82832495856127,
              -17.495796917372864
            ],
            [
              138.82832495856127,
              -17.459811060735582
            ],
            [
              138.7725868392441,
              -17.459811060735582
            ],
            [
              138.7725868392441,
              -17.495796917372864
            ]
          ]
        ]
      },
      "id": "+34736+11952",
      "properties": {
        "count": 10,
        "label": 1
      }
    },
    {
      "type": "Feature",
      "geometry": {
        "geodesic": false,
        "type": "Polygon",
        "coordinates": [
          [
            [
              138.79493718853232,
              -17.44183483192117
            ],
            [
              138.86259606765563,
              -17.44183483192117
            ],
            [
              138.86259606765563,
              -17.414847881038735
            ],
            [
              138.79493718853232,
              -17.414847881038735
            ],
            [
              138.79493718853232,
              -17.44183483192117
            ]
          ]
        ]
      },
      "id": "+34745+11946",
      "properties": {
        "count": 15,
        "label": 1
      }
    },
    {
      "type": "Feature",
      "geometry": {
        "geodesic": false,
        "type": "Polygon",
        "coordinates": [
          [
            [
              145.3297094466749,
              -24.312644220129922
            ],
            [
              145.38035461893983,
              -24.312644220129922
            ],
            [
              145.38035461893983,
              -24.28565714255326
            ],
            [
              145.3297094466749,
              -24.28565714255326
            ],
            [
              145.3297094466749,
              -24.312644220129922
            ]
          ]
        ]
      },
      "id": "+34746+12710",
      "properties": {
        "count": 6,
        "label": 1
      }
    },
    {
      "type": "Feature",
      "geometry": {
        "geodesic": false,
        "type": "Polygon",
        "coordinates": [
          [
            [
              136.4615929622249,
              -13.880523245900472
            ],
            [
              136.49070289479275,
              -13.880523245900472
            ],
            [
              136.49070289479275,
              -13.862533582287773
            ],
            [
              136.4615929622249,
              -13.862533582287773
            ],
            [
              136.4615929622249,
              -13.880523245900472
            ]
          ]
        ]
      },
      "id": "+34748+11550",
      "properties": {
        "count": 4,
        "label": 1
      }
    },
    {
      "type": "Feature",
      "geometry": {
        "geodesic": false,
        "type": "Polygon",
        "coordinates": [
          [
            [
              152.56406472113625,
              -29.78052505195565
            ],
            [
              152.73950359614457,
              -29.78052505195565
            ],
            [
              152.73950359614457,
              -29.726535094833753
            ],
            [
              152.56406472113625,
              -29.726535094833753
            ],
            [
              152.56406472113625,
              -29.78052505195565
            ]
          ]
        ]
      },
      "id": "+34748+13318",
      "properties": {
        "count": 28,
        "label": 1
      }
    },
    {
      "type": "Feature",
      "geometry": {
        "geodesic": false,
        "type": "Polygon",
        "coordinates": [
          [
            [
              136.50005011033068,
              -13.970457337922689
            ],
            [
              136.56236944499167,
              -13.970457337922689
            ],
            [
              136.56236944499167,
              -13.943470402794848
            ],
            [
              136.50005011033068,
              -13.943470402794848
            ],
            [
              136.50005011033068,
              -13.970457337922689
            ]
          ]
        ]
      },
      "id": "+34750+11560",
      "properties": {
        "count": 15,
        "label": 1
      }
    },
    {
      "type": "Feature",
      "geometry": {
        "geodesic": false,
        "type": "Polygon",
        "coordinates": [
          [
            [
              150.1547210448917,
              -28.035831541307818
            ],
            [
              150.2229298937184,
              -28.035831541307818
            ],
            [
              150.2229298937184,
              -28.008844325282993
            ],
            [
              150.1547210448917,
              -28.008844325282993
            ],
            [
              150.1547210448917,
              -28.035831541307818
            ]
          ]
        ]
      },
      "id": "+34758+13124",
      "properties": {
        "count": 9,
        "label": 1
      }
    },
    {
      "type": "Feature",
      "geometry": {
        "geodesic": false,
        "type": "Polygon",
        "coordinates": [
          [
            [
              136.62190222982323,
              -13.979448512066751
            ],
            [
              136.66037882652574,
              -13.979448512066751
            ],
            [
              136.66037882652574,
              -13.961458846418562
            ],
            [
              136.62190222982323,
              -13.961458846418562
            ],
            [
              136.62190222982323,
              -13.979448512066751
            ]
          ]
        ]
      },
      "id": "+34760+11561",
      "properties": {
        "count": 6,
        "label": 1
      }
    },
    {
      "type": "Feature",
      "geometry": {
        "geodesic": false,
        "type": "Polygon",
        "coordinates": [
          [
            [
              135.66369155838396,
              -11.97396359264858
            ],
            [
              135.70949315644037,
              -11.97396359264858
            ],
            [
              135.70949315644037,
              -11.955973924359922
            ],
            [
              135.66369155838396,
              -11.955973924359922
            ],
            [
              135.66369155838396,
              -11.97396359264858
            ]
          ]
        ]
      },
      "id": "+34776+11338",
      "properties": {
        "count": 8,
        "label": 1
      }
    },
    {
      "type": "Feature",
      "geometry": {
        "geodesic": false,
        "type": "Polygon",
        "coordinates": [
          [
            [
              136.19108366509803,
              -12.819326986036659
            ],
            [
              136.23333792705236,
              -12.819326986036659
            ],
            [
              136.23333792705236,
              -12.792340038496864
            ],
            [
              136.19108366509803,
              -12.792340038496864
            ],
            [
              136.19108366509803,
              -12.819326986036659
            ]
          ]
        ]
      },
      "id": "+34785+11432",
      "properties": {
        "count": 9,
        "label": 1
      }
    },
    {
      "type": "Feature",
      "geometry": {
        "geodesic": false,
        "type": "Polygon",
        "coordinates": [
          [
            [
              152.10620074813434,
              -29.1959581121075
            ],
            [
              152.1904541359179,
              -29.1959581121075
            ],
            [
              152.1904541359179,
              -29.15997167658991
            ],
            [
              152.10620074813434,
              -29.15997167658991
            ],
            [
              152.10620074813434,
              -29.1959581121075
            ]
          ]
        ]
      },
      "id": "+34786+13253",
      "properties": {
        "count": 10,
        "label": 1
      }
    },
    {
      "type": "Feature",
      "geometry": {
        "geodesic": false,
        "type": "Polygon",
        "coordinates": [
          [
            [
              151.6755750880384,
              -28.97116363691551
            ],
            [
              151.9614748177872,
              -28.97116363691551
            ],
            [
              151.9614748177872,
              -28.881146620116642
            ],
            [
              151.6755750880384,
              -28.881146620116642
            ],
            [
              151.6755750880384,
              -28.97116363691551
            ]
          ]
        ]
      },
      "id": "+34787+13228",
      "properties": {
        "count": 67,
        "label": 1
      }
    },
    {
      "type": "Feature",
      "geometry": {
        "geodesic": false,
        "type": "Polygon",
        "coordinates": [
          [
            [
              152.77770127921954,
              -29.5916630310166
            ],
            [
              152.92850289067562,
              -29.5916630310166
            ],
            [
              152.92850289067562,
              -29.546675672946446
            ],
            [
              152.77770127921954,
              -29.546675672946446
            ],
            [
              152.77770127921954,
              -29.5916630310166
            ]
          ]
        ]
      },
      "id": "+34798+13297",
      "properties": {
        "count": 28,
        "label": 1
      }
    },
    {
      "type": "Feature",
      "geometry": {
        "geodesic": false,
        "type": "Polygon",
        "coordinates": [
          [
            [
              136.21420680941546,
              -12.621476458888697
            ],
            [
              136.27464103664505,
              -12.621476458888697
            ],
            [
              136.27464103664505,
              -12.594489505050705
            ],
            [
              136.21420680941546,
              -12.594489505050705
            ],
            [
              136.21420680941546,
              -12.621476458888697
            ]
          ]
        ]
      },
      "id": "+34800+11410",
      "properties": {
        "count": 14,
        "label": 1
      }
    },
    {
      "type": "Feature",
      "geometry": {
        "geodesic": false,
        "type": "Polygon",
        "coordinates": [
          [
            [
              151.68630387318558,
              -28.782284637629967
            ],
            [
              151.9522448274611,
              -28.782284637629967
            ],
            [
              151.9522448274611,
              -28.719290588421032
            ],
            [
              151.68630387318558,
              -28.719290588421032
            ],
            [
              151.68630387318558,
              -28.782284637629967
            ]
          ]
        ]
      },
      "id": "+34811+13207",
      "properties": {
        "count": 70,
        "label": 1
      }
    },
    {
      "type": "Feature",
      "geometry": {
        "geodesic": false,
        "type": "Polygon",
        "coordinates": [
          [
            [
              152.4716676082123,
              -29.24092414839789
            ],
            [
              152.59738748026376,
              -29.24092414839789
            ],
            [
              152.59738748026376,
              -29.20493769952546
            ],
            [
              152.4716676082123,
              -29.20493769952546
            ],
            [
              152.4716676082123,
              -29.24092414839789
            ]
          ]
        ]
      },
      "id": "+34818+13258",
      "properties": {
        "count": 25,
        "label": 1
      }
    },
    {
      "type": "Feature",
      "geometry": {
        "geodesic": false,
        "type": "Polygon",
        "coordinates": [
          [
            [
              147.5103512248662,
              -25.43680166690406
            ],
            [
              147.6450567233993,
              -25.43680166690406
            ],
            [
              147.6450567233993,
              -25.391814764582374
            ],
            [
              147.5103512248662,
              -25.391814764582374
            ],
            [
              147.5103512248662,
              -25.43680166690406
            ]
          ]
        ]
      },
      "id": "+34835+12835",
      "properties": {
        "count": 21,
        "label": 1
      }
    },
    {
      "type": "Feature",
      "geometry": {
        "geodesic": false,
        "type": "Polygon",
        "coordinates": [
          [
            [
              151.26613668307732,
              -28.26965787143183
            ],
            [
              151.36824797233697,
              -28.26965787143183
            ],
            [
              151.36824797233697,
              -28.23367149721127
            ],
            [
              151.26613668307732,
              -28.23367149721127
            ],
            [
              151.26613668307732,
              -28.26965787143183
            ]
          ]
        ]
      },
      "id": "+34838+13150",
      "properties": {
        "count": 18,
        "label": 1
      }
    },
    {
      "type": "Feature",
      "geometry": {
        "geodesic": false,
        "type": "Polygon",
        "coordinates": [
          [
            [
              152.40046963795845,
              -29.025101241868008
            ],
            [
              152.61675131058868,
              -29.025101241868008
            ],
            [
              152.61675131058868,
              -28.962107104003042
            ],
            [
              152.40046963795845,
              -28.962107104003042
            ],
            [
              152.40046963795845,
              -29.025101241868008
            ]
          ]
        ]
      },
      "id": "+34844+13234",
      "properties": {
        "count": 44,
        "label": 1
      }
    },
    {
      "type": "Feature",
      "geometry": {
        "geodesic": false,
        "type": "Polygon",
        "coordinates": [
          [
            [
              152.36519234849442,
              -28.93515003541034
            ],
            [
              152.42245849446206,
              -28.93515003541034
            ],
            [
              152.42245849446206,
              -28.91716022162181
            ],
            [
              152.36519234849442,
              -28.91716022162181
            ],
            [
              152.36519234849442,
              -28.93515003541034
            ]
          ]
        ]
      },
      "id": "+34847+13224",
      "properties": {
        "count": 6,
        "label": 1
      }
    },
    {
      "type": "Feature",
      "geometry": {
        "geodesic": false,
        "type": "Polygon",
        "coordinates": [
          [
            [
              152.74688820713084,
              -29.15099592454951
            ],
            [
              152.90640215317293,
              -29.15099592454951
            ],
            [
              152.90640215317293,
              -29.10600859899936
            ],
            [
              152.74688820713084,
              -29.10600859899936
            ],
            [
              152.74688820713084,
              -29.15099592454951
            ]
          ]
        ]
      },
      "id": "+34861+13248",
      "properties": {
        "count": 39,
        "label": 1
      }
    },
    {
      "type": "Feature",
      "geometry": {
        "geodesic": false,
        "type": "Polygon",
        "coordinates": [
          [
            [
              136.76804426900765,
              -12.387651073302276
            ],
            [
              136.80509358062116,
              -12.387651073302276
            ],
            [
              136.80509358062116,
              -12.369661388584856
            ],
            [
              136.76804426900765,
              -12.369661388584856
            ],
            [
              136.76804426900765,
              -12.387651073302276
            ]
          ]
        ]
      },
      "id": "+34872+11384",
      "properties": {
        "count": 6,
        "label": 1
      }
    },
    {
      "type": "Feature",
      "geometry": {
        "geodesic": false,
        "type": "Polygon",
        "coordinates": [
          [
            [
              152.11175432141994,
              -28.566447698066586
            ],
            [
              152.30509659412587,
              -28.566447698066586
            ],
            [
              152.30509659412587,
              -28.503453643699906
            ],
            [
              152.11175432141994,
              -28.503453643699906
            ],
            [
              152.11175432141994,
              -28.566447698066586
            ]
          ]
        ]
      },
      "id": "+34884+13183",
      "properties": {
        "count": 46,
        "label": 1
      }
    },
    {
      "type": "Feature",
      "geometry": {
        "geodesic": false,
        "type": "Polygon",
        "coordinates": [
          [
            [
              150.60535874455223,
              -27.37034105229561
            ],
            [
              150.72728399288113,
              -27.37034105229561
            ],
            [
              150.72728399288113,
              -27.325353925906136
            ],
            [
              150.60535874455223,
              -27.325353925906136
            ],
            [
              150.60535874455223,
              -27.37034105229561
            ]
          ]
        ]
      },
      "id": "+34896+13050",
      "properties": {
        "count": 22,
        "label": 1
      }
    },
    {
      "type": "Feature",
      "geometry": {
        "geodesic": false,
        "type": "Polygon",
        "coordinates": [
          [
            [
              147.88409237840855,
              -25.202971636087362
            ],
            [
              147.94667434007025,
              -25.202971636087362
            ],
            [
              147.94667434007025,
              -25.17598449926938
            ],
            [
              147.88409237840855,
              -25.17598449926938
            ],
            [
              147.88409237840855,
              -25.202971636087362
            ]
          ]
        ]
      },
      "id": "+34898+12809",
      "properties": {
        "count": 8,
        "label": 1
      }
    },
    {
      "type": "Feature",
      "geometry": {
        "geodesic": false,
        "type": "Polygon",
        "coordinates": [
          [
            [
              147.86647591342697,
              -25.167015522998888
            ],
            [
              148.012318679432,
              -25.167015522998888
            ],
            [
              148.012318679432,
              -25.104022141286734
            ],
            [
              147.86647591342697,
              -25.104022141286734
            ],
            [
              147.86647591342697,
              -25.167015522998888
            ]
          ]
        ]
      },
      "id": "+34906+12805",
      "properties": {
        "count": 29,
        "label": 1
      }
    },
    {
      "type": "Feature",
      "geometry": {
        "geodesic": false,
        "type": "Polygon",
        "coordinates": [
          [
            [
              152.58715328009842,
              -28.61139674663179
            ],
            [
              152.66731339779525,
              -28.61139674663179
            ],
            [
              152.66731339779525,
              -28.584409478051004
            ],
            [
              152.58715328009842,
              -28.584409478051004
            ],
            [
              152.58715328009842,
              -28.61139674663179
            ]
          ]
        ]
      },
      "id": "+34917+13188",
      "properties": {
        "count": 12,
        "label": 1
      }
    },
    {
      "type": "Feature",
      "geometry": {
        "geodesic": false,
        "type": "Polygon",
        "coordinates": [
          [
            [
              151.5218941306774,
              -27.721065957990614
            ],
            [
              151.5648684157775,
              -27.721065957990614
            ],
            [
              151.5648684157775,
              -27.712071905863816
            ],
            [
              151.5218941306774,
              -27.712071905863816
            ],
            [
              151.5218941306774,
              -27.721065957990614
            ]
          ]
        ]
      },
      "id": "+34933+13089",
      "properties": {
        "count": 3,
        "label": 1
      }
    },
    {
      "type": "Feature",
      "geometry": {
        "geodesic": false,
        "type": "Polygon",
        "coordinates": [
          [
            [
              152.4483899659491,
              -28.323614152939918
            ],
            [
              152.51772015506305,
              -28.323614152939918
            ],
            [
              152.51772015506305,
              -28.296626892696885
            ],
            [
              152.4483899659491,
              -28.296626892696885
            ],
            [
              152.4483899659491,
              -28.323614152939918
            ]
          ]
        ]
      },
      "id": "+34943+13156",
      "properties": {
        "count": 9,
        "label": 1
      }
    },
    {
      "type": "Feature",
      "geometry": {
        "geodesic": false,
        "type": "Polygon",
        "coordinates": [
          [
            [
              152.36043255426785,
              -28.197709268500375
            ],
            [
              152.4805221240058,
              -28.197709268500375
            ],
            [
              152.4805221240058,
              -28.170722011303805
            ],
            [
              152.36043255426785,
              -28.170722011303805
            ],
            [
              152.36043255426785,
              -28.197709268500375
            ]
          ]
        ]
      },
      "id": "+34953+13142",
      "properties": {
        "count": 19,
        "label": 1
      }
    },
    {
      "type": "Feature",
      "geometry": {
        "geodesic": false,
        "type": "Polygon",
        "coordinates": [
          [
            [
              147.8124815811052,
              -24.537474395875265
            ],
            [
              147.89367740779457,
              -24.537474395875265
            ],
            [
              147.89367740779457,
              -24.51048726293761
            ],
            [
              147.8124815811052,
              -24.51048726293761
            ],
            [
              147.8124815811052,
              -24.537474395875265
            ]
          ]
        ]
      },
      "id": "+34974+12735",
      "properties": {
        "count": 11,
        "label": 1
      }
    },
    {
      "type": "Feature",
      "geometry": {
        "geodesic": false,
        "type": "Polygon",
        "coordinates": [
          [
            [
              149.01816428712053,
              -25.4547814145754
            ],
            [
              149.12127737471278,
              -25.4547814145754
            ],
            [
              149.12127737471278,
              -25.427794252446585
            ],
            [
              149.01816428712053,
              -25.427794252446585
            ],
            [
              149.01816428712053,
              -25.4547814145754
            ]
          ]
        ]
      },
      "id": "+34986+12837",
      "properties": {
        "count": 20,
        "label": 1
      }
    },
    {
      "type": "Feature",
      "geometry": {
        "geodesic": false,
        "type": "Polygon",
        "coordinates": [
          [
            [
              149.13598656184297,
              -25.526729997908014
            ],
            [
              149.22054960003956,
              -25.526729997908014
            ],
            [
              149.22054960003956,
              -25.49074375795287
            ],
            [
              149.13598656184297,
              -25.49074375795287
            ],
            [
              149.13598656184297,
              -25.526729997908014
            ]
          ]
        ]
      },
      "id": "+34986+12845",
      "properties": {
        "count": 13,
        "label": 1
      }
    },
    {
      "type": "Feature",
      "geometry": {
        "geodesic": false,
        "type": "Polygon",
        "coordinates": [
          [
            [
              152.06028704611177,
              -27.73905575951864
            ],
            [
              152.13857605200275,
              -27.73905575951864
            ],
            [
              152.13857605200275,
              -27.712068516180988
            ],
            [
              152.06028704611177,
              -27.712068516180988
            ],
            [
              152.06028704611177,
              -27.73905575951864
            ]
          ]
        ]
      },
      "id": "+34987+13091",
      "properties": {
        "count": 12,
        "label": 1
      }
    },
    {
      "type": "Feature",
      "geometry": {
        "geodesic": false,
        "type": "Polygon",
        "coordinates": [
          [
            [
              152.36828814305846,
              -27.90093347009349
            ],
            [
              152.44697318614675,
              -27.90093347009349
            ],
            [
              152.44697318614675,
              -27.873946218819505
            ],
            [
              152.36828814305846,
              -27.873946218819505
            ],
            [
              152.36828814305846,
              -27.90093347009349
            ]
          ]
        ]
      },
      "id": "+34995+13109",
      "properties": {
        "count": 11,
        "label": 1
      }
    },
    {
      "type": "Feature",
      "geometry": {
        "geodesic": false,
        "type": "Polygon",
        "coordinates": [
          [
            [
              150.40457861204558,
              -26.399071000534803
            ],
            [
              150.4915971313829,
              -26.399071000534803
            ],
            [
              150.4915971313829,
              -26.363084704309284
            ],
            [
              150.40457861204558,
              -26.363084704309284
            ],
            [
              150.40457861204558,
              -26.399071000534803
            ]
          ]
        ]
      },
      "id": "+35002+12942",
      "properties": {
        "count": 14,
        "label": 1
      }
    },
    {
      "type": "Feature",
      "geometry": {
        "geodesic": false,
        "type": "Polygon",
        "coordinates": [
          [
            [
              150.57689013467038,
              -26.399068054899576
            ],
            [
              150.64219731637536,
              -26.399068054899576
            ],
            [
              150.64219731637536,
              -26.37208085586711
            ],
            [
              150.57689013467038,
              -26.37208085586711
            ],
            [
              150.57689013467038,
              -26.399068054899576
            ]
          ]
        ]
      },
      "id": "+35018+12942",
      "properties": {
        "count": 9,
        "label": 1
      }
    },
    {
      "type": "Feature",
      "geometry": {
        "geodesic": false,
        "type": "Polygon",
        "coordinates": [
          [
            [
              150.50338612877127,
              -26.32712240647953
            ],
            [
              150.56854654906113,
              -26.32712240647953
            ],
            [
              150.56854654906113,
              -26.30013520952566
            ],
            [
              150.50338612877127,
              -26.30013520952566
            ],
            [
              150.50338612877127,
              -26.32712240647953
            ]
          ]
        ]
      },
      "id": "+35020+12934",
      "properties": {
        "count": 9,
        "label": 1
      }
    },
    {
      "type": "Feature",
      "geometry": {
        "geodesic": false,
        "type": "Polygon",
        "coordinates": [
          [
            [
              150.34576331461056,
              -26.20122888485272
            ],
            [
              150.45549421948243,
              -26.20122888485272
            ],
            [
              150.45549421948243,
              -26.147239347552055
            ],
            [
              150.34576331461056,
              -26.147239347552055
            ],
            [
              150.34576331461056,
              -26.20122888485272
            ]
          ]
        ]
      },
      "id": "+35024+12920",
      "properties": {
        "count": 15,
        "label": 1
      }
    },
    {
      "type": "Feature",
      "geometry": {
        "geodesic": false,
        "type": "Polygon",
        "coordinates": [
          [
            [
              152.20921293637886,
              -27.370334314968648
            ],
            [
              152.26656198348164,
              -27.370334314968648
            ],
            [
              152.26656198348164,
              -27.343347075078274
            ],
            [
              152.20921293637886,
              -27.343347075078274
            ],
            [
              152.20921293637886,
              -27.370334314968648
            ]
          ]
        ]
      },
      "id": "+35050+13050",
      "properties": {
        "count": 6,
        "label": 1
      }
    },
    {
      "type": "Feature",
      "geometry": {
        "geodesic": false,
        "type": "Polygon",
        "coordinates": [
          [
            [
              149.81347480086131,
              -25.526730009834548
            ],
            [
              149.89824085786768,
              -25.526730009834548
            ],
            [
              149.89824085786768,
              -25.490743746026336
            ],
            [
              149.81347480086131,
              -25.490743746026336
            ],
            [
              149.81347480086131,
              -25.526730009834548
            ]
          ]
        ]
      },
      "id": "+35054+12845",
      "properties": {
        "count": 14,
        "label": 1
      }
    },
    {
      "type": "Feature",
      "geometry": {
        "geodesic": false,
        "type": "Polygon",
        "coordinates": [
          [
            [
              152.26655647826976,
              -27.388318609903127
            ],
            [
              152.3318311611969,
              -27.388318609903127
            ],
            [
              152.3318311611969,
              -27.37032880975677
            ],
            [
              152.26655647826976,
              -27.37032880975677
            ],
            [
              152.26655647826976,
              -27.388318609903127
            ]
          ]
        ]
      },
      "id": "+35054+13052",
      "properties": {
        "count": 7,
        "label": 1
      }
    },
    {
      "type": "Feature",
      "geometry": {
        "geodesic": false,
        "type": "Polygon",
        "coordinates": [
          [
            [
              151.7581759525656,
              -26.866714776181702
            ],
            [
              151.82461262602192,
              -26.866714776181702
            ],
            [
              151.82461262602192,
              -26.83972755053472
            ],
            [
              151.7581759525656,
              -26.83972755053472
            ],
            [
              151.7581759525656,
              -26.866714776181702
            ]
          ]
        ]
      },
      "id": "+35074+12994",
      "properties": {
        "count": 9,
        "label": 1
      }
    },
    {
      "type": "Feature",
      "geometry": {
        "geodesic": false,
        "type": "Polygon",
        "coordinates": [
          [
            [
              151.93950954227,
              -26.96564300518209
            ],
            [
              152.09901945206124,
              -26.96564300518209
            ],
            [
              152.09901945206124,
              -26.929656645908818
            ],
            [
              151.93950954227,
              -26.929656645908818
            ],
            [
              151.93950954227,
              -26.96564300518209
            ]
          ]
        ]
      },
      "id": "+35086+13005",
      "properties": {
        "count": 41,
        "label": 1
      }
    },
    {
      "type": "Feature",
      "geometry": {
        "geodesic": false,
        "type": "Polygon",
        "coordinates": [
          [
            [
              149.82296196616332,
              -25.211964861710165
            ],
            [
              149.88598915662155,
              -25.211964861710165
            ],
            [
              149.88598915662155,
              -25.18497768549176
            ],
            [
              149.82296196616332,
              -25.18497768549176
            ],
            [
              149.82296196616332,
              -25.211964861710165
            ]
          ]
        ]
      },
      "id": "+35093+12810",
      "properties": {
        "count": 9,
        "label": 1
      }
    },
    {
      "type": "Feature",
      "geometry": {
        "geodesic": false,
        "type": "Polygon",
        "coordinates": [
          [
            [
              152.58733448390984,
              -27.271412019265043
            ],
            [
              152.69741112637163,
              -27.271412019265043
            ],
            [
              152.69741112637163,
              -27.235425634562215
            ],
            [
              152.58733448390984,
              -27.235425634562215
            ],
            [
              152.58733448390984,
              -27.271412019265043
            ]
          ]
        ]
      },
      "id": "+35103+13039",
      "properties": {
        "count": 17,
        "label": 1
      }
    },
    {
      "type": "Feature",
      "geometry": {
        "geodesic": false,
        "type": "Polygon",
        "coordinates": [
          [
            [
              152.06266319064906,
              -26.821746634433836
            ],
            [
              152.13718185424207,
              -26.821746634433836
            ],
            [
              152.13718185424207,
              -26.80375683897924
            ],
            [
              152.06266319064906,
              -26.80375683897924
            ],
            [
              152.06266319064906,
              -26.821746634433836
            ]
          ]
        ]
      },
      "id": "+35109+12989",
      "properties": {
        "count": 8,
        "label": 1
      }
    },
    {
      "type": "Feature",
      "geometry": {
        "geodesic": false,
        "type": "Polygon",
        "coordinates": [
          [
            [
              150.92135694989256,
              -25.859478649885464
            ],
            [
              151.00724422298526,
              -25.859478649885464
            ],
            [
              151.00724422298526,
              -25.823492344247356
            ],
            [
              150.92135694989256,
              -25.823492344247356
            ],
            [
              150.92135694989256,
              -25.859478649885464
            ]
          ]
        ]
      },
      "id": "+35123+12882",
      "properties": {
        "count": 14,
        "label": 1
      }
    },
    {
      "type": "Feature",
      "geometry": {
        "geodesic": false,
        "type": "Polygon",
        "coordinates": [
          [
            [
              152.2540980512967,
              -26.839738125167937
            ],
            [
              152.36292564628096,
              -26.839738125167937
            ],
            [
              152.36292564628096,
              -26.803751760090336
            ],
            [
              152.2540980512967,
              -26.803751760090336
            ],
            [
              152.2540980512967,
              -26.839738125167937
            ]
          ]
        ]
      },
      "id": "+35127+12991",
      "properties": {
        "count": 17,
        "label": 1
      }
    },
    {
      "type": "Feature",
      "geometry": {
        "geodesic": false,
        "type": "Polygon",
        "coordinates": [
          [
            [
              152.45990630784985,
              -26.93866043030491
            ],
            [
              152.53673075741477,
              -26.93866043030491
            ],
            [
              152.53673075741477,
              -26.911673191173012
            ],
            [
              152.45990630784985,
              -26.911673191173012
            ],
            [
              152.45990630784985,
              -26.93866043030491
            ]
          ]
        ]
      },
      "id": "+35134+13002",
      "properties": {
        "count": 10,
        "label": 1
      }
    },
    {
      "type": "Feature",
      "geometry": {
        "geodesic": false,
        "type": "Polygon",
        "coordinates": [
          [
            [
              152.34885652565177,
              -26.812758508323977
            ],
            [
              152.4374900785246,
              -26.812758508323977
            ],
            [
              152.4374900785246,
              -26.776772141398737
            ],
            [
              152.34885652565177,
              -26.776772141398737
            ],
            [
              152.34885652565177,
              -26.812758508323977
            ]
          ]
        ]
      },
      "id": "+35142+12988",
      "properties": {
        "count": 14,
        "label": 1
      }
    },
    {
      "type": "Feature",
      "geometry": {
        "geodesic": false,
        "type": "Polygon",
        "coordinates": [
          [
            [
              152.46770925324608,
              -26.83973516459132
            ],
            [
              152.53426543611093,
              -26.83973516459132
            ],
            [
              152.53426543611093,
              -26.812747926589548
            ],
            [
              152.46770925324608,
              -26.812747926589548
            ],
            [
              152.46770925324608,
              -26.83973516459132
            ]
          ]
        ]
      },
      "id": "+35148+12991",
      "properties": {
        "count": 9,
        "label": 1
      }
    },
    {
      "type": "Feature",
      "geometry": {
        "geodesic": false,
        "type": "Polygon",
        "coordinates": [
          [
            [
              147.47546750978333,
              -22.657897278040178
            ],
            [
              147.56283046174636,
              -22.657897278040178
            ],
            [
              147.56283046174636,
              -22.62191109920589
            ],
            [
              147.47546750978333,
              -22.62191109920589
            ],
            [
              147.47546750978333,
              -22.657897278040178
            ]
          ]
        ]
      },
      "id": "+35153+12526",
      "properties": {
        "count": 15,
        "label": 1
      }
    },
    {
      "type": "Feature",
      "geometry": {
        "geodesic": false,
        "type": "Polygon",
        "coordinates": [
          [
            [
              141.65569109637028,
              -15.472320729425984
            ],
            [
              141.70532213101276,
              -15.472320729425984
            ],
            [
              141.70532213101276,
              -15.454330995360456
            ],
            [
              141.65569109637028,
              -15.454330995360456
            ],
            [
              141.65569109637028,
              -15.472320729425984
            ]
          ]
        ]
      },
      "id": "+35200+11727",
      "properties": {
        "count": 8,
        "label": 1
      }
    },
    {
      "type": "Feature",
      "geometry": {
        "geodesic": false,
        "type": "Polygon",
        "coordinates": [
          [
            [
              141.87328157391212,
              -15.499302427068208
            ],
            [
              141.91979711065798,
              -15.499302427068208
            ],
            [
              141.91979711065798,
              -15.472315327331186
            ],
            [
              141.87328157391212,
              -15.472315327331186
            ],
            [
              141.87328157391212,
              -15.499302427068208
            ]
          ]
        ]
      },
      "id": "+35221+11730",
      "properties": {
        "count": 9,
        "label": 1
      }
    },
    {
      "type": "Feature",
      "geometry": {
        "geodesic": false,
        "type": "Polygon",
        "coordinates": [
          [
            [
              141.77628706266356,
              -15.112592495701149
            ],
            [
              141.8255642298354,
              -15.112592495701149
            ],
            [
              141.8255642298354,
              -15.094602755277789
            ],
            [
              141.77628706266356,
              -15.094602755277789
            ],
            [
              141.77628706266356,
              -15.112592495701149
            ]
          ]
        ]
      },
      "id": "+35239+11687",
      "properties": {
        "count": 8,
        "label": 1
      }
    },
    {
      "type": "Feature",
      "geometry": {
        "geodesic": false,
        "type": "Polygon",
        "coordinates": [
          [
            [
              141.61883765256394,
              -14.528042865431857
            ],
            [
              141.7033580582563,
              -14.528042865431857
            ],
            [
              141.7033580582563,
              -14.483055997842124
            ],
            [
              141.61883765256394,
              -14.483055997842124
            ],
            [
              141.61883765256394,
              -14.528042865431857
            ]
          ]
        ]
      },
      "id": "+35265+11622",
      "properties": {
        "count": 20,
        "label": 1
      }
    },
    {
      "type": "Feature",
      "geometry": {
        "geodesic": false,
        "type": "Polygon",
        "coordinates": [
          [
            [
              151.5784987135076,
              -24.726334712611195
            ],
            [
              151.68171336614066,
              -24.726334712611195
            ],
            [
              151.68171336614066,
              -24.690348389028024
            ],
            [
              151.5784987135076,
              -24.690348389028024
            ],
            [
              151.5784987135076,
              -24.726334712611195
            ]
          ]
        ]
      },
      "id": "+35332+12756",
      "properties": {
        "count": 21,
        "label": 1
      }
    },
    {
      "type": "Feature",
      "geometry": {
        "geodesic": false,
        "type": "Polygon",
        "coordinates": [
          [
            [
              141.73674511620473,
              -13.583752521324342
            ],
            [
              141.79524048442224,
              -13.583752521324342
            ],
            [
              141.79524048442224,
              -13.547766304127538
            ],
            [
              141.73674511620473,
              -13.547766304127538
            ],
            [
              141.73674511620473,
              -13.583752521324342
            ]
          ]
        ]
      },
      "id": "+35340+11517",
      "properties": {
        "count": 15,
        "label": 1
      }
    },
    {
      "type": "Feature",
      "geometry": {
        "geodesic": false,
        "type": "Polygon",
        "coordinates": [
          [
            [
              145.56454675934515,
              -18.74584978445493
            ],
            [
              145.6257880706855,
              -18.74584978445493
            ],
            [
              145.6257880706855,
              -18.71886264605717
            ],
            [
              145.56454675934515,
              -18.71886264605717
            ],
            [
              145.56454675934515,
              -18.74584978445493
            ]
          ]
        ]
      },
      "id": "+35348+12091",
      "properties": {
        "count": 11,
        "label": 1
      }
    },
    {
      "type": "Feature",
      "geometry": {
        "geodesic": false,
        "type": "Polygon",
        "coordinates": [
          [
            [
              141.73463572130825,
              -13.367912652394285
            ],
            [
              141.778218842886,
              -13.367912652394285
            ],
            [
              141.778218842886,
              -13.340925494695682
            ],
            [
              141.73463572130825,
              -13.340925494695682
            ],
            [
              141.73463572130825,
              -13.367912652394285
            ]
          ]
        ]
      },
      "id": "+35352+11493",
      "properties": {
        "count": 9,
        "label": 1
      }
    },
    {
      "type": "Feature",
      "geometry": {
        "geodesic": false,
        "type": "Polygon",
        "coordinates": [
          [
            [
              145.598293074922,
              -18.74586107095012
            ],
            [
              145.72076924295334,
              -18.74586107095012
            ],
            [
              145.72076924295334,
              -18.6918717417942
            ],
            [
              145.598293074922,
              -18.6918717417942
            ],
            [
              145.598293074922,
              -18.74586107095012
            ]
          ]
        ]
      },
      "id": "+35357+12091",
      "properties": {
        "count": 29,
        "label": 1
      }
    },
    {
      "type": "Feature",
      "geometry": {
        "geodesic": false,
        "type": "Polygon",
        "coordinates": [
          [
            [
              145.5412247639119,
              -18.530012844581503
            ],
            [
              145.61161151493405,
              -18.530012844581503
            ],
            [
              145.61161151493405,
              -18.5030257016461
            ],
            [
              145.5412247639119,
              -18.5030257016461
            ],
            [
              145.5412247639119,
              -18.530012844581503
            ]
          ]
        ]
      },
      "id": "+35365+12067",
      "properties": {
        "count": 13,
        "label": 1
      }
    },
    {
      "type": "Feature",
      "geometry": {
        "geodesic": false,
        "type": "Polygon",
        "coordinates": [
          [
            [
              145.65878189812145,
              -18.727874663509784
            ],
            [
              145.7812212740172,
              -18.727874663509784
            ],
            [
              145.7812212740172,
              -18.67388532554416
            ],
            [
              145.65878189812145,
              -18.67388532554416
            ],
            [
              145.65878189812145,
              -18.727874663509784
            ]
          ]
        ]
      },
      "id": "+35365+12089",
      "properties": {
        "count": 25,
        "label": 1
      }
    },
    {
      "type": "Feature",
      "geometry": {
        "geodesic": false,
        "type": "Polygon",
        "coordinates": [
          [
            [
              141.71443070650736,
              -13.062143655295063
            ],
            [
              141.74836900652315,
              -13.062143655295063
            ],
            [
              141.74836900652315,
              -13.035156489058538
            ],
            [
              141.71443070650736,
              -13.035156489058538
            ],
            [
              141.71443070650736,
              -13.062143655295063
            ]
          ]
        ]
      },
      "id": "+35368+11459",
      "properties": {
        "count": 6,
        "label": 1
      }
    },
    {
      "type": "Feature",
      "geometry": {
        "geodesic": false,
        "type": "Polygon",
        "coordinates": [
          [
            [
              145.6848631033057,
              -18.673907066837167
            ],
            [
              145.76322609675637,
              -18.673907066837167
            ],
            [
              145.76322609675637,
              -18.637920862990832
            ],
            [
              145.6848631033057,
              -18.637920862990832
            ],
            [
              145.6848631033057,
              -18.673907066837167
            ]
          ]
        ]
      },
      "id": "+35369+12083",
      "properties": {
        "count": 16,
        "label": 1
      }
    },
    {
      "type": "Feature",
      "geometry": {
        "geodesic": false,
        "type": "Polygon",
        "coordinates": [
          [
            [
              145.5770502079515,
              -18.49404002170795
            ],
            [
              145.63790184246605,
              -18.49404002170795
            ],
            [
              145.63790184246605,
              -18.467052877138908
            ],
            [
              145.5770502079515,
              -18.467052877138908
            ],
            [
              145.5770502079515,
              -18.49404002170795
            ]
          ]
        ]
      },
      "id": "+35372+12063",
      "properties": {
        "count": 12,
        "label": 1
      }
    },
    {
      "type": "Feature",
      "geometry": {
        "geodesic": false,
        "type": "Polygon",
        "coordinates": [
          [
            [
              141.78427525253272,
              -12.909259158841948
            ],
            [
              141.8364750076564,
              -12.909259158841948
            ],
            [
              141.8364750076564,
              -12.882271984143463
            ],
            [
              141.78427525253272,
              -12.882271984143463
            ],
            [
              141.78427525253272,
              -12.909259158841948
            ]
          ]
        ]
      },
      "id": "+35387+11442",
      "properties": {
        "count": 12,
        "label": 1
      }
    },
    {
      "type": "Feature",
      "geometry": {
        "geodesic": false,
        "type": "Polygon",
        "coordinates": [
          [
            [
              146.7049763410347,
              -19.447317761166186
            ],
            [
              146.7498453625219,
              -19.447317761166186
            ],
            [
              146.7498453625219,
              -19.429327999193127
            ],
            [
              146.7049763410347,
              -19.429327999193127
            ],
            [
              146.7049763410347,
              -19.447317761166186
            ]
          ]
        ]
      },
      "id": "+35401+12169",
      "properties": {
        "count": 6,
        "label": 1
      }
    },
    {
      "type": "Feature",
      "geometry": {
        "geodesic": false,
        "type": "Polygon",
        "coordinates": [
          [
            [
              147.2028263751527,
              -19.896978058315593
            ],
            [
              147.24823996061258,
              -19.896978058315593
            ],
            [
              147.24823996061258,
              -19.8789882943031
            ],
            [
              147.2028263751527,
              -19.8789882943031
            ],
            [
              147.2028263751527,
              -19.896978058315593
            ]
          ]
        ]
      },
      "id": "+35410+12219",
      "properties": {
        "count": 5,
        "label": 1
      }
    },
    {
      "type": "Feature",
      "geometry": {
        "geodesic": false,
        "type": "Polygon",
        "coordinates": [
          [
            [
              141.90210002741924,
              -12.675435810859652
            ],
            [
              141.9447737126902,
              -12.675435810859652
            ],
            [
              141.9447737126902,
              -12.648448624150875
            ],
            [
              141.90210002741924,
              -12.648448624150875
            ],
            [
              141.90210002741924,
              -12.675435810859652
            ]
          ]
        ]
      },
      "id": "+35413+11416",
      "properties": {
        "count": 9,
        "label": 1
      }
    },
    {
      "type": "Feature",
      "geometry": {
        "geodesic": false,
        "type": "Polygon",
        "coordinates": [
          [
            [
              150.3436508530206,
              -22.88272243208941
            ],
            [
              150.39285069982796,
              -22.88272243208941
            ],
            [
              150.39285069982796,
              -22.864732653131544
            ],
            [
              150.3436508530206,
              -22.864732653131544
            ],
            [
              150.3436508530206,
              -22.88272243208941
            ]
          ]
        ]
      },
      "id": "+35421+12551",
      "properties": {
        "count": 6,
        "label": 1
      }
    },
    {
      "type": "Feature",
      "geometry": {
        "geodesic": false,
        "type": "Polygon",
        "coordinates": [
          [
            [
              145.79619099690868,
              -18.080350462041547
            ],
            [
              145.83004996492326,
              -18.080350462041547
            ],
            [
              145.83004996492326,
              -18.062360697849275
            ],
            [
              145.79619099690868,
              -18.062360697849275
            ],
            [
              145.79619099690868,
              -18.080350462041547
            ]
          ]
        ]
      },
      "id": "+35429+12017",
      "properties": {
        "count": 4,
        "label": 1
      }
    },
    {
      "type": "Feature",
      "geometry": {
        "geodesic": false,
        "type": "Polygon",
        "coordinates": [
          [
            [
              147.195934987149,
              -19.67214791117483
            ],
            [
              147.23155190000017,
              -19.67214791117483
            ],
            [
              147.23155190000017,
              -19.654158145314177
            ],
            [
              147.195934987149,
              -19.654158145314177
            ],
            [
              147.195934987149,
              -19.67214791117483
            ]
          ]
        ]
      },
      "id": "+35430+12194",
      "properties": {
        "count": 4,
        "label": 1
      }
    },
    {
      "type": "Feature",
      "geometry": {
        "geodesic": false,
        "type": "Polygon",
        "coordinates": [
          [
            [
              141.94349648999366,
              -12.441615408924005
            ],
            [
              141.9907722379578,
              -12.441615408924005
            ],
            [
              141.9907722379578,
              -12.405629112189072
            ],
            [
              141.94349648999366,
              -12.405629112189072
            ],
            [
              141.94349648999366,
              -12.441615408924005
            ]
          ]
        ]
      },
      "id": "+35431+11390",
      "properties": {
        "count": 11,
        "label": 1
      }
    },
    {
      "type": "Feature",
      "geometry": {
        "geodesic": false,
        "type": "Polygon",
        "coordinates": [
          [
            [
              145.46620087833477,
              -17.630690166305033
            ],
            [
              145.5090191457522,
              -17.630690166305033
            ],
            [
              145.5090191457522,
              -17.61270040132641
            ],
            [
              145.46620087833477,
              -17.61270040132641
            ],
            [
              145.46620087833477,
              -17.630690166305033
            ]
          ]
        ]
      },
      "id": "+35434+11967",
      "properties": {
        "count": 6,
        "label": 1
      }
    },
    {
      "type": "Feature",
      "geometry": {
        "geodesic": false,
        "type": "Polygon",
        "coordinates": [
          [
            [
              141.86297712776485,
              -12.171814179991754
            ],
            [
              141.90017922727543,
              -12.171814179991754
            ],
            [
              141.90017922727543,
              -12.153824397610869
            ],
            [
              141.86297712776485,
              -12.153824397610869
            ],
            [
              141.86297712776485,
              -12.171814179991754
            ]
          ]
        ]
      },
      "id": "+35438+11360",
      "properties": {
        "count": 6,
        "label": 1
      }
    },
    {
      "type": "Feature",
      "geometry": {
        "geodesic": false,
        "type": "Polygon",
        "coordinates": [
          [
            [
              144.29085967559593,
              -16.065874434637394
            ],
            [
              144.34785333379548,
              -16.065874434637394
            ],
            [
              144.34785333379548,
              -16.038887266008825
            ],
            [
              144.29085967559593,
              -16.038887266008825
            ],
            [
              144.29085967559593,
              -16.065874434637394
            ]
          ]
        ]
      },
      "id": "+35438+11793",
      "properties": {
        "count": 12,
        "label": 1
      }
    },
    {
      "type": "Feature",
      "geometry": {
        "geodesic": false,
        "type": "Polygon",
        "coordinates": [
          [
            [
              142.29385253122234,
              -12.864293140052398
            ],
            [
              142.33682053947294,
              -12.864293140052398
            ],
            [
              142.33682053947294,
              -12.837305943707069
            ],
            [
              142.29385253122234,
              -12.837305943707069
            ],
            [
              142.29385253122234,
              -12.864293140052398
            ]
          ]
        ]
      },
      "id": "+35444+11437",
      "properties": {
        "count": 9,
        "label": 1
      }
    },
    {
      "type": "Feature",
      "geometry": {
        "geodesic": false,
        "type": "Polygon",
        "coordinates": [
          [
            [
              146.99336708605904,
              -19.32141497791282
            ],
            [
              147.06527651573188,
              -19.32141497791282
            ],
            [
              147.06527651573188,
              -19.294427810691296
            ],
            [
              146.99336708605904,
              -19.294427810691296
            ],
            [
              146.99336708605904,
              -19.32141497791282
            ]
          ]
        ]
      },
      "id": "+35445+12155",
      "properties": {
        "count": 10,
        "label": 1
      }
    },
    {
      "type": "Feature",
      "geometry": {
        "geodesic": false,
        "type": "Polygon",
        "coordinates": [
          [
            [
              142.3053413619121,
              -12.81932711141929
            ],
            [
              142.34825033364856,
              -12.81932711141929
            ],
            [
              142.34825033364856,
              -12.792339913114233
            ],
            [
              142.3053413619121,
              -12.792339913114233
            ],
            [
              142.3053413619121,
              -12.81932711141929
            ]
          ]
        ]
      },
      "id": "+35448+11432",
      "properties": {
        "count": 9,
        "label": 1
      }
    },
    {
      "type": "Feature",
      "geometry": {
        "geodesic": false,
        "type": "Polygon",
        "coordinates": [
          [
            [
              146.14893791305383,
              -18.287194199607534
            ],
            [
              146.2019820895771,
              -18.287194199607534
            ],
            [
              146.2019820895771,
              -18.269204432722606
            ],
            [
              146.14893791305383,
              -18.269204432722606
            ],
            [
              146.14893791305383,
              -18.287194199607534
            ]
          ]
        ]
      },
      "id": "+35450+12040",
      "properties": {
        "count": 8,
        "label": 1
      }
    },
    {
      "type": "Feature",
      "geometry": {
        "geodesic": false,
        "type": "Polygon",
        "coordinates": [
          [
            [
              140.35466768421148,
              -8.412656237761913
            ],
            [
              140.40079819190723,
              -8.412656237761913
            ],
            [
              140.40079819190723,
              -8.385668982629731
            ],
            [
              140.35466768421148,
              -8.385668982629731
            ],
            [
              140.35466768421148,
              -8.412656237761913
            ]
          ]
        ]
      },
      "id": "+35458+10942",
      "properties": {
        "count": 10,
        "label": 1
      }
    },
    {
      "type": "Feature",
      "geometry": {
        "geodesic": false,
        "type": "Polygon",
        "coordinates": [
          [
            [
              140.44265609853673,
              -8.529567915343097
            ],
            [
              140.49803550149318,
              -8.529567915343097
            ],
            [
              140.49803550149318,
              -8.502580659035992
            ],
            [
              140.44265609853673,
              -8.502580659035992
            ],
            [
              140.44265609853673,
              -8.529567915343097
            ]
          ]
        ]
      },
      "id": "+35462+10955",
      "properties": {
        "count": 13,
        "label": 1
      }
    },
    {
      "type": "Feature",
      "geometry": {
        "geodesic": false,
        "type": "Polygon",
        "coordinates": [
          [
            [
              142.8153217454266,
              -13.547823987071261
            ],
            [
              143.05963925435557,
              -13.547823987071261
            ],
            [
              143.05963925435557,
              -13.448796749541719
            ],
            [
              142.8153217454266,
              -13.448796749541719
            ],
            [
              142.8153217454266,
              -13.547823987071261
            ]
          ]
        ]
      },
      "id": "+35463+11513",
      "properties": {
        "count": 95,
        "label": 1
      }
    },
    {
      "type": "Feature",
      "geometry": {
        "geodesic": false,
        "type": "Polygon",
        "coordinates": [
          [
            [
              140.38130300838196,
              -8.223796793278499
            ],
            [
              140.4149285158534,
              -8.223796793278499
            ],
            [
              140.4149285158534,
              -8.205806984286804
            ],
            [
              140.38130300838196,
              -8.205806984286804
            ],
            [
              140.38130300838196,
              -8.223796793278499
            ]
          ]
        ]
      },
      "id": "+35467+10921",
      "properties": {
        "count": 6,
        "label": 1
      }
    },
    {
      "type": "Feature",
      "geometry": {
        "geodesic": false,
        "type": "Polygon",
        "coordinates": [
          [
            [
              140.38277694795653,
              -8.322727153549653
            ],
            [
              140.45927906569395,
              -8.322727153549653
            ],
            [
              140.45927906569395,
              -8.286740742467522
            ],
            [
              140.38277694795653,
              -8.286740742467522
            ],
            [
              140.38277694795653,
              -8.322727153549653
            ]
          ]
        ]
      },
      "id": "+35467+10932",
      "properties": {
        "count": 23,
        "label": 1
      }
    },
    {
      "type": "Feature",
      "geometry": {
        "geodesic": false,
        "type": "Polygon",
        "coordinates": [
          [
            [
              141.94104155643592,
              -11.884036659881957
            ],
            [
              142.03330249246983,
              -11.884036659881957
            ],
            [
              142.03330249246983,
              -11.848050326829496
            ],
            [
              141.94104155643592,
              -11.848050326829496
            ],
            [
              141.94104155643592,
              -11.884036659881957
            ]
          ]
        ]
      },
      "id": "+35467+11328",
      "properties": {
        "count": 30,
        "label": 1
      }
    },
    {
      "type": "Feature",
      "geometry": {
        "geodesic": false,
        "type": "Polygon",
        "coordinates": [
          [
            [
              145.38454759021843,
              -17.15405529183907
            ],
            [
              145.44094336530975,
              -17.15405529183907
            ],
            [
              145.44094336530975,
              -17.118069036152246
            ],
            [
              145.38454759021843,
              -17.118069036152246
            ],
            [
              145.38454759021843,
              -17.15405529183907
            ]
          ]
        ]
      },
      "id": "+35467+11914",
      "properties": {
        "count": 10,
        "label": 1
      }
    },
    {
      "type": "Feature",
      "geometry": {
        "geodesic": false,
        "type": "Polygon",
        "coordinates": [
          [
            [
              143.08298237185974,
              -13.826566173316225
            ],
            [
              143.12734090646288,
              -13.826566173316225
            ],
            [
              143.12734090646288,
              -13.7995789778783
            ],
            [
              143.08298237185974,
              -13.7995789778783
            ],
            [
              143.08298237185974,
              -13.826566173316225
            ]
          ]
        ]
      },
      "id": "+35468+11544",
      "properties": {
        "count": 9,
        "label": 1
      }
    },
    {
      "type": "Feature",
      "geometry": {
        "geodesic": false,
        "type": "Polygon",
        "coordinates": [
          [
            [
              142.98787477796577,
              -13.538781480140418
            ],
            [
              143.02643043319364,
              -13.538781480140418
            ],
            [
              143.02643043319364,
              -13.520791697930711
            ],
            [
              142.98787477796577,
              -13.520791697930711
            ],
            [
              142.98787477796577,
              -13.538781480140418
            ]
          ]
        ]
      },
      "id": "+35476+11512",
      "properties": {
        "count": 6,
        "label": 1
      }
    },
    {
      "type": "Feature",
      "geometry": {
        "geodesic": false,
        "type": "Polygon",
        "coordinates": [
          [
            [
              140.8339439697132,
              -8.97922609049582
            ],
            [
              140.86824066672466,
              -8.97922609049582
            ],
            [
              140.86824066672466,
              -8.961236282065244
            ],
            [
              140.8339439697132,
              -8.961236282065244
            ],
            [
              140.8339439697132,
              -8.97922609049582
            ]
          ]
        ]
      },
      "id": "+35486+11005",
      "properties": {
        "count": 6,
        "label": 1
      }
    },
    {
      "type": "Feature",
      "geometry": {
        "geodesic": false,
        "type": "Polygon",
        "coordinates": [
          [
            [
              143.1275159225525,
              -13.619725392179696
            ],
            [
              143.18628743960156,
              -13.619725392179696
            ],
            [
              143.18628743960156,
              -13.583739080652935
            ],
            [
              143.1275159225525,
              -13.583739080652935
            ],
            [
              143.1275159225525,
              -13.619725392179696
            ]
          ]
        ]
      },
      "id": "+35487+11521",
      "properties": {
        "count": 14,
        "label": 1
      }
    },
    {
      "type": "Feature",
      "geometry": {
        "geodesic": false,
        "type": "Polygon",
        "coordinates": [
          [
            [
              143.02797722137322,
              -13.565830664618638
            ],
            [
              143.18150449148118,
              -13.565830664618638
            ],
            [
              143.18150449148118,
              -13.448776483839522
            ],
            [
              143.02797722137322,
              -13.448776483839522
            ],
            [
              143.02797722137322,
              -13.565830664618638
            ]
          ]
        ]
      },
      "id": "+35489+11515",
      "properties": {
        "count": 47,
        "label": 1
      }
    },
    {
      "type": "Feature",
      "geometry": {
        "geodesic": false,
        "type": "Polygon",
        "coordinates": [
          [
            [
              145.98515174135764,
              -17.63968547606541
            ],
            [
              146.03531252021293,
              -17.63968547606541
            ],
            [
              146.03531252021293,
              -17.61269829748863
            ],
            [
              145.98515174135764,
              -17.61269829748863
            ],
            [
              145.98515174135764,
              -17.63968547606541
            ]
          ]
        ]
      },
      "id": "+35489+11968",
      "properties": {
        "count": 9,
        "label": 1
      }
    },
    {
      "type": "Feature",
      "geometry": {
        "geodesic": false,
        "type": "Polygon",
        "coordinates": [
          [
            [
              140.89576634693893,
              -8.826346692671095
            ],
            [
              140.9549931479637,
              -8.826346692671095
            ],
            [
              140.9549931479637,
              -8.7903602666766
            ],
            [
              140.89576634693893,
              -8.7903602666766
            ],
            [
              140.89576634693893,
              -8.826346692671095
            ]
          ]
        ]
      },
      "id": "+35502+10988",
      "properties": {
        "count": 17,
        "label": 1
      }
    },
    {
      "type": "Feature",
      "geometry": {
        "geodesic": false,
        "type": "Polygon",
        "coordinates": [
          [
            [
              144.62219187976805,
              -15.724139353511447
            ],
            [
              144.7101804620541,
              -15.724139353511447
            ],
            [
              144.7101804620541,
              -15.679152285172464
            ],
            [
              144.62219187976805,
              -15.679152285172464
            ],
            [
              144.62219187976805,
              -15.724139353511447
            ]
          ]
        ]
      },
      "id": "+35502+11755",
      "properties": {
        "count": 25,
        "label": 1
      }
    },
    {
      "type": "Feature",
      "geometry": {
        "geodesic": false,
        "type": "Polygon",
        "coordinates": [
          [
            [
              140.96437720085441,
              -8.925268981856435
            ],
            [
              141.0021039945726,
              -8.925268981856435
            ],
            [
              141.0021039945726,
              -8.898281713710908
            ],
            [
              140.96437720085441,
              -8.898281713710908
            ],
            [
              140.96437720085441,
              -8.925268981856435
            ]
          ]
        ]
      },
      "id": "+35503+10999",
      "properties": {
        "count": 9,
        "label": 1
      }
    },
    {
      "type": "Feature",
      "geometry": {
        "geodesic": false,
        "type": "Polygon",
        "coordinates": [
          [
            [
              145.91281661820256,
              -17.387873611072717
            ],
            [
              145.9648520076487,
              -17.387873611072717
            ],
            [
              145.9648520076487,
              -17.369883836738666
            ],
            [
              145.91281661820256,
              -17.369883836738666
            ],
            [
              145.91281661820256,
              -17.387873611072717
            ]
          ]
        ]
      },
      "id": "+35503+11940",
      "properties": {
        "count": 8,
        "label": 1
      }
    },
    {
      "type": "Feature",
      "geometry": {
        "geodesic": false,
        "type": "Polygon",
        "coordinates": [
          [
            [
              140.73885467669896,
              -8.223795520273063
            ],
            [
              140.7602197412732,
              -8.223795520273063
            ],
            [
              140.7602197412732,
              -8.214801463214839
            ],
            [
              140.73885467669896,
              -8.214801463214839
            ],
            [
              140.73885467669896,
              -8.223795520273063
            ]
          ]
        ]
      },
      "id": "+35505+10921",
      "properties": {
        "count": 2,
        "label": 1
      }
    },
    {
      "type": "Feature",
      "geometry": {
        "geodesic": false,
        "type": "Polygon",
        "coordinates": [
          [
            [
              140.9640142638556,
              -8.77238235707337
            ],
            [
              140.9981383680498,
              -8.77238235707337
            ],
            [
              140.9981383680498,
              -8.754392543048379
            ],
            [
              140.9640142638556,
              -8.754392543048379
            ],
            [
              140.9640142638556,
              -8.77238235707337
            ]
          ]
        ]
      },
      "id": "+35509+10982",
      "properties": {
        "count": 6,
        "label": 1
      }
    },
    {
      "type": "Feature",
      "geometry": {
        "geodesic": false,
        "type": "Polygon",
        "coordinates": [
          [
            [
              144.70626769320913,
              -15.697150899932888
            ],
            [
              144.74705510029324,
              -15.697150899932888
            ],
            [
              144.74705510029324,
              -15.679161120983245
            ],
            [
              144.70626769320913,
              -15.679161120983245
            ],
            [
              144.70626769320913,
              -15.697150899932888
            ]
          ]
        ]
      },
      "id": "+35509+11752",
      "properties": {
        "count": 6,
        "label": 1
      }
    },
    {
      "type": "Feature",
      "geometry": {
        "geodesic": false,
        "type": "Polygon",
        "coordinates": [
          [
            [
              142.14387854083,
              -11.362425655578559
            ],
            [
              142.1711878515723,
              -11.362425655578559
            ],
            [
              142.1711878515723,
              -11.344435855957196
            ],
            [
              142.14387854083,
              -11.344435855957196
            ],
            [
              142.14387854083,
              -11.362425655578559
            ]
          ]
        ]
      },
      "id": "+35513+11270",
      "properties": {
        "count": 4,
        "label": 1
      }
    },
    {
      "type": "Feature",
      "geometry": {
        "geodesic": false,
        "type": "Polygon",
        "coordinates": [
          [
            [
              144.74362868930322,
              -15.706146210930411
            ],
            [
              144.79081230050573,
              -15.706146210930411
            ],
            [
              144.79081230050573,
              -15.679159015908322
            ],
            [
              144.74362868930322,
              -15.679159015908322
            ],
            [
              144.74362868930322,
              -15.706146210930411
            ]
          ]
        ]
      },
      "id": "+35513+11753",
      "properties": {
        "count": 9,
        "label": 1
      }
    },
    {
      "type": "Feature",
      "geometry": {
        "geodesic": false,
        "type": "Polygon",
        "coordinates": [
          [
            [
              140.99929957748657,
              -8.754398072818203
            ],
            [
              141.03681349928002,
              -8.754398072818203
            ],
            [
              141.03681349928002,
              -8.727410797690574
            ],
            [
              140.99929957748657,
              -8.727410797690574
            ],
            [
              140.99929957748657,
              -8.754398072818203
            ]
          ]
        ]
      },
      "id": "+35514+10980",
      "properties": {
        "count": 9,
        "label": 1
      }
    },
    {
      "type": "Feature",
      "geometry": {
        "geodesic": false,
        "type": "Polygon",
        "coordinates": [
          [
            [
              143.01037751029276,
              -12.96321630555031
            ],
            [
              143.03916490841328,
              -12.96321630555031
            ],
            [
              143.03916490841328,
              -12.945226514428823
            ],
            [
              143.01037751029276,
              -12.945226514428823
            ],
            [
              143.01037751029276,
              -12.96321630555031
            ]
          ]
        ]
      },
      "id": "+35514+11448",
      "properties": {
        "count": 4,
        "label": 1
      }
    },
    {
      "type": "Feature",
      "geometry": {
        "geodesic": false,
        "type": "Polygon",
        "coordinates": [
          [
            [
              142.1624492424235,
              -11.344439244135028
            ],
            [
              142.19891640662593,
              -11.344439244135028
            ],
            [
              142.19891640662593,
              -11.32644944371035
            ],
            [
              142.1624492424235,
              -11.32644944371035
            ],
            [
              142.1624492424235,
              -11.344439244135028
            ]
          ]
        ]
      },
      "id": "+35517+11268",
      "properties": {
        "count": 6,
        "label": 1
      }
    },
    {
      "type": "Feature",
      "geometry": {
        "geodesic": false,
        "type": "Polygon",
        "coordinates": [
          [
            [
              141.19275813343333,
              -9.105130976186441
            ],
            [
              141.2180740664178,
              -9.105130976186441
            ],
            [
              141.2180740664178,
              -9.087141162207244
            ],
            [
              141.19275813343333,
              -9.087141162207244
            ],
            [
              141.19275813343333,
              -9.105130976186441
            ]
          ]
        ]
      },
      "id": "+35519+11019",
      "properties": {
        "count": 4,
        "label": 1
      }
    },
    {
      "type": "Feature",
      "geometry": {
        "geodesic": false,
        "type": "Polygon",
        "coordinates": [
          [
            [
              142.54475885718307,
              -12.081931654302265
            ],
            [
              142.67090500949092,
              -12.081931654302265
            ],
            [
              142.67090500949092,
              -11.982903951545138
            ],
            [
              142.54475885718307,
              -11.982903951545138
            ],
            [
              142.54475885718307,
              -12.081931654302265
            ]
          ]
        ]
      },
      "id": "+35523+11350",
      "properties": {
        "count": 36,
        "label": 1
      }
    },
    {
      "type": "Feature",
      "geometry": {
        "geodesic": false,
        "type": "Polygon",
        "coordinates": [
          [
            [
              141.18690474404167,
              -8.997212505910948
            ],
            [
              141.22123455692824,
              -8.997212505910948
            ],
            [
              141.22123455692824,
              -8.97922269034049
            ],
            [
              141.18690474404167,
              -8.97922269034049
            ],
            [
              141.18690474404167,
              -8.997212505910948
            ]
          ]
        ]
      },
      "id": "+35524+11007",
      "properties": {
        "count": 6,
        "label": 1
      }
    },
    {
      "type": "Feature",
      "geometry": {
        "geodesic": false,
        "type": "Polygon",
        "coordinates": [
          [
            [
              144.79245742868102,
              -15.67018476163686
            ],
            [
              144.87737802276752,
              -15.67018476163686
            ],
            [
              144.87737802276752,
              -15.616195200053332
            ],
            [
              144.79245742868102,
              -15.616195200053332
            ],
            [
              144.79245742868102,
              -15.67018476163686
            ]
          ]
        ]
      },
      "id": "+35524+11749",
      "properties": {
        "count": 25,
        "label": 1
      }
    },
    {
      "type": "Feature",
      "geometry": {
        "geodesic": false,
        "type": "Polygon",
        "coordinates": [
          [
            [
              142.5901900869073,
              -11.964970452071865
            ],
            [
              142.62725112879545,
              -11.964970452071865
            ],
            [
              142.62725112879545,
              -11.94698065309144
            ],
            [
              142.5901900869073,
              -11.94698065309144
            ],
            [
              142.5901900869073,
              -11.964970452071865
            ]
          ]
        ]
      },
      "id": "+35529+11337",
      "properties": {
        "count": 6,
        "label": 1
      }
    },
    {
      "type": "Feature",
      "geometry": {
        "geodesic": false,
        "type": "Polygon",
        "coordinates": [
          [
            [
              141.26220984705486,
              -8.862314418811467
            ],
            [
              141.29642631415243,
              -8.862314418811467
            ],
            [
              141.29642631415243,
              -8.844324599762155
            ],
            [
              141.26220984705486,
              -8.844324599762155
            ],
            [
              141.26220984705486,
              -8.862314418811467
            ]
          ]
        ]
      },
      "id": "+35538+10992",
      "properties": {
        "count": 6,
        "label": 1
      }
    },
    {
      "type": "Feature",
      "geometry": {
        "geodesic": false,
        "type": "Polygon",
        "coordinates": [
          [
            [
              141.1461818745486,
              -8.304735654246771
            ],
            [
              141.17991156952039,
              -8.304735654246771
            ],
            [
              141.17991156952039,
              -8.286745829925227
            ],
            [
              141.1461818745486,
              -8.286745829925227
            ],
            [
              141.1461818745486,
              -8.304735654246771
            ]
          ]
        ]
      },
      "id": "+35548+10930",
      "properties": {
        "count": 6,
        "label": 1
      }
    },
    {
      "type": "Feature",
      "geometry": {
        "geodesic": false,
        "type": "Polygon",
        "coordinates": [
          [
            [
              142.1299155479614,
              -10.687935216471892
            ],
            [
              142.16578874384174,
              -10.687935216471892
            ],
            [
              142.16578874384174,
              -10.669945406674795
            ],
            [
              142.1299155479614,
              -10.669945406674795
            ],
            [
              142.1299155479614,
              -10.687935216471892
            ]
          ]
        ]
      },
      "id": "+35548+11195",
      "properties": {
        "count": 6,
        "label": 1
      }
    },
    {
      "type": "Feature",
      "geometry": {
        "geodesic": false,
        "type": "Polygon",
        "coordinates": [
          [
            [
              141.4385930343606,
              -8.871307626427486
            ],
            [
              141.46372384482154,
              -8.871307626427486
            ],
            [
              141.46372384482154,
              -8.853317803991315
            ],
            [
              141.4385930343606,
              -8.853317803991315
            ],
            [
              141.4385930343606,
              -8.871307626427486
            ]
          ]
        ]
      },
      "id": "+35556+10993",
      "properties": {
        "count": 4,
        "label": 1
      }
    },
    {
      "type": "Feature",
      "geometry": {
        "geodesic": false,
        "type": "Polygon",
        "coordinates": [
          [
            [
              143.31977325786923,
              -12.819327131663696
            ],
            [
              143.35356775759172,
              -12.819327131663696
            ],
            [
              143.35356775759172,
              -12.792339892869826
            ],
            [
              143.31977325786923,
              -12.792339892869826
            ],
            [
              143.31977325786923,
              -12.819327131663696
            ]
          ]
        ]
      },
      "id": "+35557+11432",
      "properties": {
        "count": 6,
        "label": 1
      }
    },
    {
      "type": "Feature",
      "geometry": {
        "geodesic": false,
        "type": "Polygon",
        "coordinates": [
          [
            [
              142.35412672143147,
              -10.98472460652746
            ],
            [
              142.42592178587154,
              -10.98472460652746
            ],
            [
              142.42592178587154,
              -10.93073478382004
            ],
            [
              142.35412672143147,
              -10.93073478382004
            ],
            [
              142.35412672143147,
              -10.98472460652746
            ]
          ]
        ]
      },
      "id": "+35558+11228",
      "properties": {
        "count": 20,
        "label": 1
      }
    },
    {
      "type": "Feature",
      "geometry": {
        "geodesic": false,
        "type": "Polygon",
        "coordinates": [
          [
            [
              143.4101053753878,
              -12.972223067116609
            ],
            [
              143.52424263991242,
              -12.972223067116609
            ],
            [
              143.52424263991242,
              -12.918233341017327
            ],
            [
              143.4101053753878,
              -12.918233341017327
            ],
            [
              143.4101053753878,
              -12.972223067116609
            ]
          ]
        ]
      },
      "id": "+35560+11449",
      "properties": {
        "count": 27,
        "label": 1
      }
    },
    {
      "type": "Feature",
      "geometry": {
        "geodesic": false,
        "type": "Polygon",
        "coordinates": [
          [
            [
              144.53178787822674,
              -14.707898254271383
            ],
            [
              144.57158748216895,
              -14.707898254271383
            ],
            [
              144.57158748216895,
              -14.68990846367412
            ],
            [
              144.53178787822674,
              -14.68990846367412
            ],
            [
              144.53178787822674,
              -14.707898254271383
            ]
          ]
        ]
      },
      "id": "+35563+11642",
      "properties": {
        "count": 6,
        "label": 1
      }
    },
    {
      "type": "Feature",
      "geometry": {
        "geodesic": false,
        "type": "Polygon",
        "coordinates": [
          [
            [
              141.41165650369553,
              -8.592520378560248
            ],
            [
              141.44899603294846,
              -8.592520378560248
            ],
            [
              141.44899603294846,
              -8.56553307873516
            ],
            [
              141.41165650369553,
              -8.56553307873516
            ],
            [
              141.41165650369553,
              -8.592520378560248
            ]
          ]
        ]
      },
      "id": "+35566+10962",
      "properties": {
        "count": 9,
        "label": 1
      }
    },
    {
      "type": "Feature",
      "geometry": {
        "geodesic": false,
        "type": "Polygon",
        "coordinates": [
          [
            [
              142.39241871508332,
              -10.903774284499331
            ],
            [
              142.43280264212117,
              -10.903774284499331
            ],
            [
              142.43280264212117,
              -10.876787017009269
            ],
            [
              142.39241871508332,
              -10.876787017009269
            ],
            [
              142.39241871508332,
              -10.903774284499331
            ]
          ]
        ]
      },
      "id": "+35566+11219",
      "properties": {
        "count": 9,
        "label": 1
      }
    },
    {
      "type": "Feature",
      "geometry": {
        "geodesic": false,
        "type": "Polygon",
        "coordinates": [
          [
            [
              144.56302742958837,
              -14.707900366523276
            ],
            [
              144.59948320865047,
              -14.707900366523276
            ],
            [
              144.59948320865047,
              -14.680913145499629
            ],
            [
              144.56302742958837,
              -14.680913145499629
            ],
            [
              144.56302742958837,
              -14.707900366523276
            ]
          ]
        ]
      },
      "id": "+35566+11642",
      "properties": {
        "count": 6,
        "label": 1
      }
    },
    {
      "type": "Feature",
      "geometry": {
        "geodesic": false,
        "type": "Polygon",
        "coordinates": [
          [
            [
              144.57310029551846,
              -14.671925431112639
            ],
            [
              144.60357191798303,
              -14.671925431112639
            ],
            [
              144.60357191798303,
              -14.653935639452117
            ],
            [
              144.57310029551846,
              -14.653935639452117
            ],
            [
              144.57310029551846,
              -14.671925431112639
            ]
          ]
        ]
      },
      "id": "+35569+11638",
      "properties": {
        "count": 4,
        "label": 1
      }
    },
    {
      "type": "Feature",
      "geometry": {
        "geodesic": false,
        "type": "Polygon",
        "coordinates": [
          [
            [
              141.8296327480978,
              -9.2040583815054
            ],
            [
              141.87688841285726,
              -9.2040583815054
            ],
            [
              141.87688841285726,
              -9.177071081262756
            ],
            [
              141.8296327480978,
              -9.177071081262756
            ],
            [
              141.8296327480978,
              -9.2040583815054
            ]
          ]
        ]
      },
      "id": "+35587+11030",
      "properties": {
        "count": 12,
        "label": 1
      }
    },
    {
      "type": "Feature",
      "geometry": {
        "geodesic": false,
        "type": "Polygon",
        "coordinates": [
          [
            [
              141.57801348768672,
              -8.250778563077823
            ],
            [
              141.6240216814344,
              -8.250778563077823
            ],
            [
              141.6240216814344,
              -8.223791244100452
            ],
            [
              141.57801348768672,
              -8.223791244100452
            ],
            [
              141.57801348768672,
              -8.250778563077823
            ]
          ]
        ]
      },
      "id": "+35599+10924",
      "properties": {
        "count": 12,
        "label": 1
      }
    },
    {
      "type": "Feature",
      "geometry": {
        "geodesic": false,
        "type": "Polygon",
        "coordinates": [
          [
            [
              141.87894253960928,
              -8.880300837000792
            ],
            [
              141.91320483677046,
              -8.880300837000792
            ],
            [
              141.91320483677046,
              -8.862311005263205
            ],
            [
              141.87894253960928,
              -8.862311005263205
            ],
            [
              141.87894253960928,
              -8.880300837000792
            ]
          ]
        ]
      },
      "id": "+35605+10994",
      "properties": {
        "count": 6,
        "label": 1
      }
    },
    {
      "type": "Feature",
      "geometry": {
        "geodesic": false,
        "type": "Polygon",
        "coordinates": [
          [
            [
              142.0917647916066,
              -8.889294044992473
            ],
            [
              142.1169428247956,
              -8.889294044992473
            ],
            [
              142.1169428247956,
              -8.871304209116701
            ],
            [
              142.0917647916066,
              -8.871304209116701
            ],
            [
              142.0917647916066,
              -8.889294044992473
            ]
          ]
        ]
      },
      "id": "+35627+10995",
      "properties": {
        "count": 4,
        "label": 1
      }
    },
    {
      "type": "Feature",
      "geometry": {
        "geodesic": false,
        "type": "Polygon",
        "coordinates": [
          [
            [
              142.1207466524994,
              -8.664466041659832
            ],
            [
              142.15822775554764,
              -8.664466041659832
            ],
            [
              142.15822775554764,
              -8.637478710397072
            ],
            [
              142.1207466524994,
              -8.637478710397072
            ],
            [
              142.1207466524994,
              -8.664466041659832
            ]
          ]
        ]
      },
      "id": "+35641+10970",
      "properties": {
        "count": 9,
        "label": 1
      }
    },
    {
      "type": "Feature",
      "geometry": {
        "geodesic": false,
        "type": "Polygon",
        "coordinates": [
          [
            [
              142.69299375712134,
              -8.55654543464477
            ],
            [
              142.71791881171904,
              -8.55654543464477
            ],
            [
              142.71791881171904,
              -8.53855558119247
            ],
            [
              142.69299375712134,
              -8.53855558119247
            ],
            [
              142.69299375712134,
              -8.55654543464477
            ]
          ]
        ]
      },
      "id": "+35707+10958",
      "properties": {
        "count": 4,
        "label": 1
      }
    },
    {
      "type": "Feature",
      "geometry": {
        "geodesic": false,
        "type": "Polygon",
        "coordinates": [
          [
            [
              142.74730014057587,
              -8.62849108206171
            ],
            [
              142.77228876310807,
              -8.62849108206171
            ],
            [
              142.77228876310807,
              -8.610501228537027
            ],
            [
              142.74730014057587,
              -8.610501228537027
            ],
            [
              142.74730014057587,
              -8.62849108206171
            ]
          ]
        ]
      },
      "id": "+35710+10966",
      "properties": {
        "count": 4,
        "label": 1
      }
    },
    {
      "type": "Feature",
      "geometry": {
        "geodesic": false,
        "type": "Polygon",
        "coordinates": [
          [
            [
              146.48864442553673,
              -8.574534086927429
            ],
            [
              146.50813170444493,
              -8.574534086927429
            ],
            [
              146.50813170444493,
              -8.547546546677587
            ],
            [
              146.48864442553673,
              -8.547546546677587
            ],
            [
              146.48864442553673,
              -8.574534086927429
            ]
          ]
        ]
      },
      "id": "+36123+10960",
      "properties": {
        "count": 3,
        "label": 1
      }
    },
    {
      "type": "Feature",
      "geometry": {
        "geodesic": false,
        "type": "Polygon",
        "coordinates": [
          [
            [
              146.8192664934015,
              -9.07815141693136
            ],
            [
              146.8539489934756,
              -9.07815141693136
            ],
            [
              146.8539489934756,
              -9.060161485926752
            ],
            [
              146.8192664934015,
              -9.060161485926752
            ],
            [
              146.8192664934015,
              -9.07815141693136
            ]
          ]
        ]
      },
      "id": "+36139+11016",
      "properties": {
        "count": 6,
        "label": 1
      }
    },
    {
      "type": "Feature",
      "geometry": {
        "geodesic": false,
        "type": "Polygon",
        "coordinates": [
          [
            [
              146.80305161033536,
              -8.889296295662563
            ],
            [
              146.8411626537352,
              -8.889296295662563
            ],
            [
              146.8411626537352,
              -8.862308752524031
            ],
            [
              146.80305161033536,
              -8.862308752524031
            ],
            [
              146.80305161033536,
              -8.889296295662563
            ]
          ]
        ]
      },
      "id": "+36146+10995",
      "properties": {
        "count": 9,
        "label": 1
      }
    },
    {
      "type": "Feature",
      "geometry": {
        "geodesic": false,
        "type": "Polygon",
        "coordinates": [
          [
            [
              147.12569166956658,
              -9.3119747717943
            ],
            [
              147.15148770373338,
              -9.3119747717943
            ],
            [
              147.15148770373338,
              -9.2939848390387
            ],
            [
              147.12569166956658,
              -9.2939848390387
            ],
            [
              147.12569166956658,
              -9.3119747717943
            ]
          ]
        ]
      },
      "id": "+36161+11042",
      "properties": {
        "count": 4,
        "label": 1
      }
    },
    {
      "type": "Feature",
      "geometry": {
        "geodesic": false,
        "type": "Polygon",
        "coordinates": [
          [
            [
              147.23991845990042,
              -9.482847884234697
            ],
            [
              147.27884445005753,
              -9.482847884234697
            ],
            [
              147.27884445005753,
              -9.455860345734271
            ],
            [
              147.23991845990042,
              -9.455860345734271
            ],
            [
              147.23991845990042,
              -9.482847884234697
            ]
          ]
        ]
      },
      "id": "+36167+11061",
      "properties": {
        "count": 9,
        "label": 1
      }
    },
    {
      "type": "Feature",
      "geometry": {
        "geodesic": false,
        "type": "Polygon",
        "coordinates": [
          [
            [
              147.24085979713882,
              -9.20405850654672
            ],
            [
              147.27941748794083,
              -9.20405850654672
            ],
            [
              147.27941748794083,
              -9.177070956221435
            ],
            [
              147.24085979713882,
              -9.177070956221435
            ],
            [
              147.24085979713882,
              -9.20405850654672
            ]
          ]
        ]
      },
      "id": "+36180+11030",
      "properties": {
        "count": 9,
        "label": 1
      }
    },
    {
      "type": "Feature",
      "geometry": {
        "geodesic": false,
        "type": "Polygon",
        "coordinates": [
          [
            [
              147.7649525965041,
              -10.031433445455042
            ],
            [
              147.8046508057635,
              -10.031433445455042
            ],
            [
              147.8046508057635,
              -10.004445907070355
            ],
            [
              147.7649525965041,
              -10.004445907070355
            ],
            [
              147.7649525965041,
              -10.031433445455042
            ]
          ]
        ]
      },
      "id": "+36198+11122",
      "properties": {
        "count": 9,
        "label": 1
      }
    },
    {
      "type": "Feature",
      "geometry": {
        "geodesic": false,
        "type": "Polygon",
        "coordinates": [
          [
            [
              147.93570843118601,
              -10.085392683382675
            ],
            [
              147.96635874364597,
              -10.085392683382675
            ],
            [
              147.96635874364597,
              -10.058405140213862
            ],
            [
              147.93570843118601,
              -10.058405140213862
            ],
            [
              147.93570843118601,
              -10.085392683382675
            ]
          ]
        ]
      },
      "id": "+36213+11128",
      "properties": {
        "count": 6,
        "label": 1
      }
    },
    {
      "type": "Feature",
      "geometry": {
        "geodesic": false,
        "type": "Polygon",
        "coordinates": [
          [
            [
              147.772526181345,
              -9.671703011890123
            ],
            [
              147.80779689555868,
              -9.671703011890123
            ],
            [
              147.80779689555868,
              -9.653713072750364
            ],
            [
              147.772526181345,
              -9.653713072750364
            ],
            [
              147.772526181345,
              -9.671703011890123
            ]
          ]
        ]
      },
      "id": "+36216+11082",
      "properties": {
        "count": 6,
        "label": 1
      }
    },
    {
      "type": "Feature",
      "geometry": {
        "geodesic": false,
        "type": "Polygon",
        "coordinates": [
          [
            [
              147.9978896604372,
              -10.112370100020636
            ],
            [
              148.03357734314994,
              -10.112370100020636
            ],
            [
              148.03357734314994,
              -10.094380165034053
            ],
            [
              147.9978896604372,
              -10.094380165034053
            ],
            [
              147.9978896604372,
              -10.112370100020636
            ]
          ]
        ]
      },
      "id": "+36219+11131",
      "properties": {
        "count": 6,
        "label": 1
      }
    },
    {
      "type": "Feature",
      "geometry": {
        "geodesic": false,
        "type": "Polygon",
        "coordinates": [
          [
            [
              148.1334245903816,
              -10.058413070792128
            ],
            [
              148.17318962785598,
              -10.058413070792128
            ],
            [
              148.17318962785598,
              -10.03142551726884
            ],
            [
              148.1334245903816,
              -10.03142551726884
            ],
            [
              148.1334245903816,
              -10.058413070792128
            ]
          ]
        ]
      },
      "id": "+36237+11125",
      "properties": {
        "count": 9,
        "label": 1
      }
    },
    {
      "type": "Feature",
      "geometry": {
        "geodesic": false,
        "type": "Polygon",
        "coordinates": [
          [
            [
              148.9838445953477,
              -9.276004192424983
            ],
            [
              149.0317435328445,
              -9.276004192424983
            ],
            [
              149.0317435328445,
              -9.24901656510467
            ],
            [
              148.9838445953477,
              -9.24901656510467
            ],
            [
              148.9838445953477,
              -9.276004192424983
            ]
          ]
        ]
      },
      "id": "+36368+11038",
      "properties": {
        "count": 10,
        "label": 1
      }
    },
    {
      "type": "Feature",
      "geometry": {
        "geodesic": false,
        "type": "Polygon",
        "coordinates": [
          [
            [
              149.58722783596022,
              -10.013444851473437
            ],
            [
              149.62291243083666,
              -10.013444851473437
            ],
            [
              149.62291243083666,
              -9.995454883284182
            ],
            [
              149.58722783596022,
              -9.995454883284182
            ],
            [
              149.58722783596022,
              -10.013444851473437
            ]
          ]
        ]
      },
      "id": "+36398+11120",
      "properties": {
        "count": 6,
        "label": 1
      }
    }
  ]
}